state,plan_family,district,block_count,area_m2,perimeter_m,minimum_bounding_radius_m,polsby_popper,reock,convex_hull_ratio,schwartzberg,component_count,interior_ring_count
AK,NRS-v0.3,1,19615,1500375687618.2966,99238601.26161928,1830439.3758600885,0.0019144702120143166,0.14254088345900634,0.3479001358824896,22.854708860544587,851,1134
AK,enacted-congressional-session-118,0,19615,1500375687618.2966,99238601.26161928,1830439.3758600885,0.0019144702120143166,0.14254088345900634,0.3479001358824896,22.854708860544587,851,1134
AL,NRS-v0.3,1,22610,12303080460.068617,3500192.0741252163,153040.2307720957,0.012619436834522907,0.16720635042555987,0.41486545148990994,8.901844690462745,12,143
AL,NRS-v0.3,2,29563,16851627263.080276,5842977.017688541,139254.56787211457,0.0062027367879462685,0.27661330897804787,0.7003720119646053,12.697210624287818,19,229
AL,NRS-v0.3,3,27317,19579991408.479412,5756566.474414297,143400.87686967396,0.007424980420559311,0.3030812084936368,0.587041896662007,11.605192364947223,16,189
AL,NRS-v0.3,4,23991,3349604531.3152514,1619199.7725989076,47788.49032828609,0.016054712435071436,0.46687115294641,0.7009275271397334,7.892211849845295,8,139
AL,NRS-v0.3,5,35251,48588706132.86341,7357818.872144988,193694.158444614,0.01127838753602797,0.4122421698202261,0.651241337895666,9.416217757631356,22,257
AL,NRS-v0.3,6,20155,13351359567.000986,4872282.812368749,146507.63710346541,0.007067574221805908,0.19799539582313083,0.5268521629268968,11.895009986418817,31,152
AL,NRS-v0.3,7,21092,18433546803.08234,3656995.2670078627,135545.37326880166,0.017320880820411964,0.31936670495150715,0.7834989681615128,7.598275097894923,11,152
AL,enacted-congressional-session-118,1,19541,14997594065.562635,4221590.01842334,111803.69559677664,0.010574975013888337,0.3819085696601057,0.6384995631061682,9.724344254644267,33,142
AL,enacted-congressional-session-118,2,26166,27109651022.419155,3003815.23101103,131514.40039607655,0.037756120274497165,0.4989160046439113,0.7548231781783072,5.146432956936103,14,122
AL,enacted-congressional-session-118,3,27407,21660912367.012535,4882815.667617919,139159.69309303435,0.011416840940363599,0.35604094749668574,0.7603080660033525,9.35894779498339,16,238
AL,enacted-congressional-session-118,4,33899,23092633401.775047,5599657.973974285,143685.02690118027,0.009254656901818458,0.3560414501125015,0.6036519411912068,10.394888580128843,13,217
AL,enacted-congressional-session-118,5,21123,8877309773.719763,2425793.792608927,97097.86267675931,0.01895760534904495,0.2997175415085161,0.7798150568507273,7.262869837455637,14,161
AL,enacted-congressional-session-118,6,21438,8388718915.914759,2437535.244888235,92957.45144287206,0.017742045906633447,0.3090134288321852,0.6800101275693927,7.507548572484709,11,240
AL,enacted-congressional-session-118,7,30405,28331096619.486668,4840525.879762159,145909.45282563876,0.015194560979115902,0.4235909324632701,0.6744836922784171,8.11252263969631,14,170
AR,NRS-v0.3,1,30540,28458094784.381943,7263185.611671811,224226.7181306798,0.0067789339128552254,0.18016948116032033,0.4406865868413081,12.145609114210187,37,309
AR,NRS-v0.3,2,29679,32728594250.27917,6175062.06398444,207554.16886520287,0.01078585461797436,0.24183243986166855,0.6346453250918771,9.628812257575708,14,544
AR,NRS-v0.3,3,24485,16522430637.844603,5182346.031903772,149503.00136462034,0.007730916549205447,0.23530125401100385,0.6733638394136858,11.37324794891821,10,358
AR,NRS-v0.3,4,45540,58735261733.57259,9376685.350791322,200977.9875241582,0.008394794836947037,0.462862556148234,0.7349697480756122,10.914276618524445,36,809
AR,enacted-congressional-session-118,1,43615,52211270071.094696,9692754.364937503,223335.03919667742,0.006983605655128321,0.3331966718113843,0.67566716068061,11.966307148101336,47,674
AR,enacted-congressional-session-118,2,21487,13900848574.528149,2757101.367630623,95247.85270490243,0.02297977166918353,0.4877317777408337,0.7559429718564221,6.596706249374688,16,194
AR,enacted-congressional-session-118,3,18221,10885936264.135483,2316473.659600777,89672.54754966414,0.025492998403390053,0.4309202454345031,0.8246461347474149,6.26310280751652,11,277
AR,enacted-congressional-session-118,4,46921,59446326496.31965,8746372.633358281,199376.15890946714,0.009765150342370278,0.4760238363726036,0.7899826907720061,10.119534445215999,38,938
AZ,NRS-v0.3,1,42865,175718170493.6746,6156427.564564384,305256.931669091,0.05825979993613718,0.6002549237350377,0.8844498596954392,4.143005458922816,2,201
AZ,NRS-v0.3,2,19378,20189405088.298737,2555753.1567431837,179660.7167744632,0.03884146251512294,0.1990982273121373,0.4778981287226895,5.074020445837031,11,26
AZ,NRS-v0.3,3,10404,1019814866.9829121,320182.0294073261,24936.563751615067,0.1250078531930518,0.5220333525829824,0.7297192114354014,2.8283382801954744,1,8
AZ,NRS-v0.3,4,8258,540400588.9666363,311613.5810910257,20932.061864832645,0.06993473330698127,0.39259243043363534,0.6938032657143107,3.7814079983048825,1,7
AZ,NRS-v0.3,5,14548,24142417639.792492,3041742.1512808604,177939.6120630812,0.03279033324127916,0.24270884693992498,0.5016869329401049,5.522390138298582,4,74
AZ,NRS-v0.3,6,9501,506633987.2307153,438747.46518285817,27226.588437415663,0.03307310304938342,0.21754945271450332,0.5230346301298963,5.498731678933893,3,13
AZ,NRS-v0.3,7,11475,6526105513.247223,1962372.4618786033,152926.14139048816,0.02129614884937998,0.0888261333011471,0.38351726713969225,6.852506610670952,1,9
AZ,NRS-v0.3,8,13248,11269593078.069181,1736316.9774558102,100916.66134907735,0.046974273860386634,0.35223508603057585,0.6036730725369411,4.613918961108493,3,12
AZ,NRS-v0.3,9,24532,54951510026.77876,2927138.5746083804,289609.5185122695,0.0805940404660486,0.20854707123473565,0.6787763339370804,3.522479996217878,9,42
AZ,enacted-congressional-session-118,1,11994,4154017080.751068,691504.3497628012,54435.72450893869,0.10916622923925207,0.44622139567866204,0.8361462155394795,3.026605697595108,3,31
AZ,enacted-congressional-session-118,2,40848,151307443503.67117,4974093.051959688,275497.63092059083,0.07684973008765006,0.6345629092346794,0.8412105930993182,3.6072714682702554,1,188
AZ,enacted-congressional-session-118,3,9004,533862145.5124671,148558.58402824015,18401.60454698835,0.3039789348472152,0.5018429967959982,0.8299936432816419,1.8137534668141528,1,8
AZ,enacted-congressional-session-118,4,9446,464162047.70863,210880.7479553937,24622.25385221551,0.13116127353143678,0.2437048351079662,0.6472950307475394,2.761195694745401,2,12
AZ,enacted-congressional-session-118,5,11474,1050452537.5872315,232815.2727114657,24823.27298318955,0.24353611023003738,0.5426358408134807,0.7304939281269061,2.026367994694475,2,9
AZ,enacted-congressional-session-118,6,18322,35490150807.797356,2016257.4091772025,168635.23716780887,0.10970483187335829,0.39724763158053383,0.7002140374072384,3.019166902441583,1,82
AZ,enacted-congressional-session-118,7,16881,39938604304.44095,1804170.2724582027,260471.19027734752,0.15418698019646865,0.1873801671238575,0.6871763026614681,2.5466903850560314,1,20
AZ,enacted-congressional-session-118,8,10433,1496815808.1937733,283920.8709889228,31053.161211816692,0.23333698822219834,0.4940908969774425,0.7585100504105184,2.0701804646344204,1,9
AZ,enacted-congressional-session-118,9,25807,60428543047.37603,2682520.172184987,261805.25624516216,0.10552758378992315,0.28063092482359264,0.6221248188564101,3.0783429570642302,14,51
CA,NRS-v0.3,1,19303,43778928280.67127,8590487.796853265,272869.51518064644,0.007454857379264803,0.18715662912031866,0.384522012689224,11.581913854704815,501,353
CA,NRS-v0.3,2,21989,36472403805.343346,5249593.71072125,205385.50204497587,0.016631172421702974,0.27521680383043234,0.5165178027278919,7.754228007247912,29,252
CA,NRS-v0.3,3,16487,17309368021.8058,2837242.6217061942,134156.4536574716,0.027020795160513474,0.30613162736132277,0.6951226185044393,6.083463930432955,8,88
CA,NRS-v0.3,4,8327,516000884.8890718,452777.38742651884,23911.229295464327,0.03162939260195734,0.2872742936444127,0.5513949128936991,5.622825089338616,4,3
CA,NRS-v0.3,5,17005,26300505219.98576,4926178.896442159,202780.73308852778,0.013619262680845214,0.20359206197487592,0.5396717801182249,8.5688630487038,12,159
CA,NRS-v0.3,6,14351,9056338261.18521,2408397.3809469966,86718.71526226358,0.01962032544895442,0.38333378058728845,0.6336013750838876,7.139156404101373,4,89
CA,NRS-v0.3,7,9773,2791753798.831626,1422626.6918895596,55159.143885335354,0.01733425073032936,0.29207353645116185,0.5204457474788472,7.595344257344513,6,64
CA,NRS-v0.3,8,7465,603745323.8229237,410769.48918549076,22579.5852915832,0.0449642432053723,0.37693979061777166,0.6458335746861771,4.715919204190019,2,7
CA,NRS-v0.3,9,5723,366159977.81465423,512884.02332725516,47426.39342528606,0.017492117891301517,0.05181801842313277,0.13244922101601134,7.560992410933936,20,5
CA,NRS-v0.3,10,6564,378772757.4570026,362056.6522951869,21937.143530391913,0.03631077653288444,0.25053517512104695,0.5590357599294399,5.247859891558839,14,9
CA,NRS-v0.3,11,6452,487705106.2677977,351369.05822362006,21660.05579335844,0.04964095609307432,0.33089353959994167,0.5629483580942086,4.488279884565121,4,4
CA,NRS-v0.3,12,6096,368624952.18501556,326969.5330194581,26009.005246358523,0.043329135007461446,0.17345521914980458,0.5048577839434656,4.804077339968709,1,2
CA,NRS-v0.3,13,8340,1062416516.8214854,589646.090893127,34757.646675155185,0.03839916940597461,0.2799266281256448,0.5595418422486222,5.1031588218939765,2,2
CA,NRS-v0.3,14,13747,24746567435.830265,4246240.437118743,153091.61460288402,0.01724708355792434,0.33609518252164444,0.6046132193041006,7.614513592980381,3,195
CA,NRS-v0.3,15,12168,6766061810.004015,1638994.8207850703,83429.26633283758,0.03165123515064245,0.3094206109144279,0.5966779527449814,5.620884595918759,3,29
CA,NRS-v0.3,16,9426,1787167459.2841816,766832.4675474606,42399.053966863845,0.03819215174015138,0.31644850086441395,0.6600797857011502,5.11697077346888,3,13
CA,NRS-v0.3,17,10203,4260135590.8825035,694322.9989515565,61866.94237179389,0.11104785742549071,0.35428783802313774,0.7308694939810855,3.00085428952267,1,11
CA,NRS-v0.3,18,15877,45467457585.04918,4488802.998857517,289088.8437690394,0.028356292183775784,0.17317617116074852,0.6012580021554674,5.938479733278799,3,119
CA,NRS-v0.3,19,15802,15479068832.119993,2933656.2809106885,137825.84761322514,0.022601446650548973,0.25937828520164596,0.578538473227239,6.651688164891753,1,59
CA,NRS-v0.3,20,10328,8183944341.140437,2098693.2368536605,112626.85828788832,0.023349339783277006,0.20536614694693386,0.5045506713536028,6.5442924299907235,22,38
CA,NRS-v0.3,21,22489,35081738175.564186,3650232.986063047,230895.88020933856,0.03308642136131727,0.20945892111186412,0.6220401051315173,5.497624862422273,13,63
CA,NRS-v0.3,22,20962,55340287980.56795,4263458.938085234,273679.94975616026,0.03825842696880267,0.23518281223798393,0.6188505029071663,5.112536777737446,8,19
CA,NRS-v0.3,23,15284,14574070991.421904,2375607.283420081,151005.19609677573,0.03245199859179093,0.20344509550716378,0.6120708655113241,5.551102873270009,6,41
CA,NRS-v0.3,24,18394,10123152691.09676,2453864.2134100897,152796.94141816944,0.02112635618006641,0.1380182743103372,0.5346696915424676,6.879988324773828,4,42
CA,NRS-v0.3,25,10000,3876764982.180486,1175477.7266434098,66166.82710658427,0.03525742000424201,0.2818635921167201,0.5848793663382053,5.325675924137989,2,20
CA,NRS-v0.3,26,6030,555584262.3264072,334415.55402202846,28686.50075588323,0.06242906949434881,0.2149042043590159,0.5392456814453793,4.00227170996625,2,3
CA,NRS-v0.3,27,13405,10915058952.966366,2302907.2599112634,153873.9065731297,0.025863247267155588,0.1467392359031131,0.46685257188289125,6.218111052004115,3,10
CA,NRS-v0.3,28,7364,675232359.3456692,518729.93307848054,37205.688210417546,0.031534103737309034,0.15526897629279393,0.43993651070717127,5.631314128268983,1,11
CA,NRS-v0.3,29,6446,676666557.8655013,421499.914115046,31824.052773276315,0.047861862684547514,0.21267374012919824,0.5791226493287688,4.570936644360794,3,12
CA,NRS-v0.3,30,5184,374692534.7418732,296473.8536134658,21277.041058387174,0.053568823408094435,0.26345273072358144,0.5899430979358155,4.320598854962506,1,12
CA,NRS-v0.3,31,5562,237169421.2442893,331226.2810433013,26924.20353137604,0.027165579940547514,0.10414132316124959,0.4009737543822954,6.067230709559237,1,11
CA,NRS-v0.3,32,6638,228251647.67902356,264224.7413579359,18158.828918306783,0.0410843880317971,0.2203374782196349,0.5104269289711986,4.9335733425808455,1,5
CA,NRS-v0.3,33,5717,192837478.1209894,274739.40104819636,20229.70945401661,0.032104019686584884,0.14998999128879856,0.4744525266995267,5.58110628890317,1,11
CA,NRS-v0.3,34,10600,8342526312.144439,1886174.883973525,114990.60464749199,0.029467516406017188,0.20082741454650913,0.36016376561734864,5.825433286052414,434,49
CA,NRS-v0.3,35,5721,198912485.4045631,210686.58400406473,17288.606001282904,0.05631163595198694,0.21183231729209592,0.5278846041053052,4.214062065876082,3,3
CA,NRS-v0.3,36,8890,1647218329.1824725,743295.9157889372,72650.58861197213,0.03746601798412812,0.09933973998490965,0.2110782206679619,5.166319151348851,68,22
CA,NRS-v0.3,37,6341,240141791.61583346,269321.6080961145,18690.716916474812,0.04160401196247055,0.2188093893090284,0.67425155007089,4.902666974107311,2,4
CA,NRS-v0.3,38,6268,481891248.21951586,263762.7274099829,18660.032354273044,0.08704263969502471,0.4405288764464945,0.7701489595649318,3.3894870066784946,3,2
CA,NRS-v0.3,39,5191,254417564.84290615,246797.43999405194,16330.888811823866,0.05248988901525297,0.30365299908891735,0.5790393306422871,4.3647781316739005,1,0
CA,NRS-v0.3,40,7898,6597601363.395231,1448913.9493808863,114614.13142080589,0.0394921472927247,0.15986738220033728,0.4797450391378538,5.032046271361106,4,9
CA,NRS-v0.3,41,7644,1399852302.5977018,630093.7285964203,42633.3900277765,0.04430796111759093,0.24515040142550093,0.6352998773783933,4.750716526897464,1,8
CA,NRS-v0.3,42,6047,577876990.8626958,374624.9938996079,24785.29336590578,0.051743019527638046,0.299431442522096,0.5965393726777422,4.396166328459493,1,10
CA,NRS-v0.3,43,6495,1682516537.5425012,649858.6045013246,41782.17192806904,0.0500646815891717,0.30678028411763014,0.6460039796645695,4.469246109888519,1,4
CA,NRS-v0.3,44,6109,633219637.4938358,621012.6477305641,38262.78647653715,0.020633046091876103,0.13767380441479152,0.3744742507874458,6.9617484344570615,2,14
CA,NRS-v0.3,45,6919,340745920.2387616,378778.4302998322,17157.669685789715,0.029844894556012854,0.3684378053372885,0.5408115301137404,5.788485844513066,3,9
CA,NRS-v0.3,46,6192,2531172115.722404,765507.9427702529,52313.5056214171,0.05427903764215021,0.2944043055535734,0.7579222208785918,4.292239337491519,5,12
CA,NRS-v0.3,47,6159,151483993.44494018,246620.74406260386,19575.79214172719,0.031298058802488954,0.12582825763535732,0.47500564508515053,5.65250947390636,1,6
CA,NRS-v0.3,48,7037,184076568.7684441,330763.9040398415,22159.718656555502,0.021143270000352033,0.1193218981047911,0.40729760124315156,6.877235908338576,7,9
CA,NRS-v0.3,49,6826,236963329.60845384,317437.4952482557,22384.97233626159,0.029551161830959804,0.1505282965039086,0.41875874553283654,5.817182914325622,3,9
CA,NRS-v0.3,50,7451,250501732.57466602,360578.195153462,15661.248630685617,0.0242114989011007,0.325093355186757,0.6020296793131262,6.426716783428218,5,20
CA,NRS-v0.3,51,7599,672840649.2967725,664592.1815444252,61325.23628351596,0.019143071861641273,0.056948709638859694,0.12879490272159252,7.227601264054827,17,5
CA,NRS-v0.3,52,7531,1056631887.8166499,562195.5946099964,45949.031988577,0.04201058225328026,0.15930195561555385,0.5455019546139217,4.878885765300104,18,6
CA,enacted-congressional-session-118,1,31231,69422262471.96205,6818025.0045997,212590.04627487223,0.01876685281728084,0.48894840932978445,0.7697270737304422,7.299687628840883,12,537
CA,enacted-congressional-session-118,2,21221,33907222660.057247,3733370.657760997,245028.98190901845,0.030570311393204055,0.17976595008972454,0.5869466410743591,5.719394701911758,502,200
CA,enacted-congressional-session-118,3,20395,56455650409.80882,3920183.143348049,363156.11609802843,0.046164120438592006,0.13626076316411143,0.5366485506063647,4.654228672317744,1,203
CA,enacted-congressional-session-118,4,12689,9952127498.957205,2006930.880787467,98454.1287079305,0.031049954219655316,0.3268121486281324,0.6690351836845483,5.675047722058913,10,107
CA,enacted-congressional-session-118,5,16324,25660320874.119602,3054646.858490731,166842.14540278542,0.034558105621327766,0.2934274088813475,0.7417788810900526,5.379290969178884,1,199
CA,enacted-congressional-session-118,6,8079,652238369.44296,252359.87472316687,25415.6031070189,0.12869912710859574,0.3214072220350605,0.8359448531180279,2.7874828195804287,1,8
CA,enacted-congressional-session-118,7,9524,1801221622.272798,813994.65360558,44601.599020000795,0.03416126236853393,0.2882148947321016,0.6301955273782847,5.41044572241507,10,31
CA,enacted-congressional-session-118,8,9239,1346049391.3566222,903913.1386612703,34031.598776592306,0.020702245858186738,0.36995288510937124,0.5782505476957847,6.950103451096166,6,49
CA,enacted-congressional-session-118,9,10541,3549752968.4837813,1245267.0913648414,45622.569042573254,0.02876623160351544,0.5428611772399651,0.803946686117494,5.896014102556233,7,62
CA,enacted-congressional-session-118,10,6935,1423043557.1010482,458058.55938977195,31236.134104878456,0.0852287367852475,0.46425197851101313,0.7289793115340316,3.42536593348909,3,13
CA,enacted-congressional-session-118,11,5198,110106518.53700393,145706.99736766136,32928.993498471085,0.06517215438462327,0.03232259685405699,0.15342415259592307,3.9171388050700267,16,0
CA,enacted-congressional-session-118,12,8830,244329978.2660602,203141.00368909695,14488.582868607937,0.07440316883594757,0.37048878446815875,0.7933310313572132,3.6660998033218264,3,6
CA,enacted-congressional-session-118,13,15887,16336942870.354523,2128347.4702670556,117341.84453755508,0.04532059377745541,0.3776722678454513,0.7712019207232351,4.697342252170473,3,90
CA,enacted-congressional-session-118,14,7888,1506781345.7069502,399806.02360432444,36097.6857937951,0.11845719179419505,0.3680795094440971,0.7263101352923529,2.905489321275017,4,14
CA,enacted-congressional-session-118,15,6763,306902170.0392067,293980.67157134693,21925.957890204958,0.044624387474372064,0.2032043193557561,0.6257171854777913,4.73384317194133,13,10
CA,enacted-congressional-session-118,16,8571,1378049697.0924053,413411.21509449265,38035.435041445286,0.10132351229844218,0.3032063073306065,0.6021559799456055,3.141556552734336,2,6
CA,enacted-congressional-session-118,17,6674,474633077.0918619,202532.4803771434,17346.663910739608,0.1454047191616988,0.5020837895279134,0.7461388242835854,2.622471330232683,1,5
CA,enacted-congressional-session-118,18,9147,11868611457.418993,1447138.8050084459,119600.12863372466,0.07121793846194081,0.26411115617280334,0.7624187430811942,3.747186432845238,3,37
CA,enacted-congressional-session-118,19,11678,7311225571.173852,1745128.26645478,138523.59175929087,0.030167918164826096,0.12128101502778532,0.37650935785878664,5.757412274368161,35,43
CA,enacted-congressional-session-118,20,17211,25086996029.937153,2437879.0963593954,153660.94573111314,0.053043747382002335,0.3381985839048926,0.5963511965863213,4.341930833987864,1,33
CA,enacted-congressional-session-118,21,11770,2311065990.8551793,436446.61887009745,52067.95362723738,0.15246141420149947,0.27134476994986395,0.7441597607557948,2.5610616211477217,1,8
CA,enacted-congressional-session-118,22,14777,11179216485.685995,940596.6915442636,84583.75997898511,0.15878677812851344,0.49737908611867976,0.7899925544280605,2.5095325416067458,1,19
CA,enacted-congressional-session-118,23,26438,46559723955.52094,1430711.4480016686,156407.54474939857,0.28583549365237887,0.6058221206276173,0.9094639411725025,1.8704319908468996,1,42
CA,enacted-congressional-session-118,24,13821,12699777298.544682,1487992.4392870283,144811.8620037124,0.07207829755429437,0.19276933850037395,0.4613706589977469,3.724755240403729,493,49
CA,enacted-congressional-session-118,25,16758,31275368571.460415,2041843.106290668,156724.45399633673,0.09426871000219444,0.4053022668412352,0.5922678337605147,3.256988446065573,8,21
CA,enacted-congressional-session-118,26,8803,4446091960.679838,805843.3744604469,57631.078074466364,0.08603735013880306,0.42610347982316643,0.8605878718960976,3.409231456389825,8,49
CA,enacted-congressional-session-118,27,9775,3933808725.324553,704120.1846125575,49018.22838159979,0.09970788748955889,0.521132483587756,0.8880173747445317,3.1669065080535455,2,30
CA,enacted-congressional-session-118,28,8321,2041869075.7873433,493563.41924481804,38335.98802481073,0.10532993771259663,0.44224679849661536,0.6984944323817732,3.0812297776238027,2,13
CA,enacted-congressional-session-118,29,4728,334532933.3111634,177677.91911627093,17502.54318376525,0.13316246442765453,0.3476055406102953,0.5941944678108382,2.7403692650606377,1,8
CA,enacted-congressional-session-118,30,6712,465505715.9191924,244663.9539536635,22167.334958884676,0.09772257498479649,0.301542254743324,0.6335361162720167,3.198913884658754,2,12
CA,enacted-congressional-session-118,31,6880,539791116.3456087,370876.98751044984,22356.729928606164,0.049314635047682596,0.3437631332466671,0.6635331259912638,4.50310515167447,3,12
CA,enacted-congressional-session-118,32,6206,766118512.0234356,316134.38441285107,27399.969938454986,0.09633017549021217,0.3248223553048257,0.7164759113280657,3.2219502058954896,1,20
CA,enacted-congressional-session-118,33,6724,490432486.7467537,224362.2258654248,23918.992185549978,0.1224304976308787,0.2728623430217066,0.6776281030472735,2.8579537254587386,2,6
CA,enacted-congressional-session-118,34,4862,128872814.92426899,121379.42198865859,10181.914319696934,0.10992109567412786,0.3956877140236584,0.6798957461008577,3.0161954165039124,4,1
CA,enacted-congressional-session-118,35,5714,459440291.9033214,158331.30478455604,20042.263144409102,0.23030605794422154,0.3640706647188513,0.7100519954756732,2.083758186817826,1,1
CA,enacted-congressional-session-118,36,8441,252030735.94869503,218165.4684349102,22015.263008816266,0.06654131049862833,0.16552205841053905,0.49228283089724767,3.8766297570236166,5,8
CA,enacted-congressional-session-118,37,5509,136799792.48356053,82225.3979850055,9595.705030229048,0.2542630979653245,0.4729135820620189,0.7749701383024344,1.9831626426298914,2,2
CA,enacted-congressional-session-118,38,7120,388201899.82305515,263240.30199753813,17852.220201356853,0.07039839530653556,0.38772456159957314,0.6790428900904826,3.7689347619056037,3,9
CA,enacted-congressional-session-118,39,6544,737316213.3827925,289390.39491749153,23788.769129759596,0.11063573441806317,0.41472476365613614,0.6766546036706791,3.0064382517526402,2,10
CA,enacted-congressional-session-118,40,6326,1014595768.8040947,332514.430627927,29166.849199045464,0.11531396764380093,0.37963316154067867,0.708164427857132,2.9448219552276234,1,7
CA,enacted-congressional-session-118,41,10143,3451837379.1025305,1081204.5579530126,67584.41537968414,0.03710602694585241,0.24055109147397097,0.6272020692249507,5.191319665137783,5,13
CA,enacted-congressional-session-118,42,6833,562619354.6087356,510817.3978027807,69270.43442074455,0.027095250562037928,0.037322349287339705,0.13861435892559723,6.075099764516998,18,9
CA,enacted-congressional-session-118,43,6592,187157879.41598016,142194.00664982546,12675.25776008432,0.11632026863774225,0.3708041990757614,0.6648921890098584,2.932056276877695,3,10
CA,enacted-congressional-session-118,44,6707,245353509.9684337,264338.7241290819,15197.813734390133,0.04412457753677408,0.33812724632176006,0.6211597728888726,4.760578378766154,3,10
CA,enacted-congressional-session-118,45,6123,268761717.3107273,233488.32672053768,15653.494533825875,0.06195080096961105,0.34913623388582116,0.5232886393210971,4.017691045586064,3,3
CA,enacted-congressional-session-118,46,5140,194190926.09268722,122395.02259143897,11636.161463438257,0.16289632375713275,0.4565197622423418,0.6941736696716059,2.477675111759574,1,0
CA,enacted-congressional-session-118,47,7343,450684773.5084228,318054.3262550179,23304.600173623512,0.05598608960926575,0.2641433613852635,0.5967725812721801,4.226296211883125,13,17
CA,enacted-congressional-session-118,48,8293,9380559976.569336,1020279.3845769698,83323.26124097814,0.11324014205729972,0.4300771532620613,0.8066045842397009,2.9716646443967387,2,20
CA,enacted-congressional-session-118,49,6499,1286469079.6527097,395024.99640555185,41169.812123344345,0.103600072852706,0.2415970958314963,0.6703878058294199,3.106847737620744,2,13
CA,enacted-congressional-session-118,50,7053,685519006.0957174,436832.85687263386,37382.00963947202,0.04514386831652047,0.15615084444477842,0.4320109802180167,4.706527653768036,1,10
CA,enacted-congressional-session-118,51,5531,492480547.83194244,250117.19593928062,18289.985662257204,0.09892631750923016,0.46861099963381264,0.6528517828696846,3.1793920102516515,1,3
CA,enacted-congressional-session-118,52,5308,354561722.47346073,217773.26792773843,16952.482741077176,0.0939490896195637,0.39271306876886686,0.7303014419263404,3.262523976077489,4,0
CO,NRS-v0.3,1,18683,44812840808.255,2371968.2547703707,161716.4822915076,0.10009090019529271,0.5454362920464749,0.7884621347616443,3.160841380995274,1,78
CO,NRS-v0.3,2,11571,11703601660.347324,3242382.142221649,146296.29623689118,0.013989461527835836,0.1740616101380152,0.31253408379254466,8.454725285171879,2,22
CO,NRS-v0.3,3,27489,90398961796.1965,6532338.310800938,269975.8557115992,0.02662171128375087,0.39478779451767665,0.6067843183144574,6.128892662027456,3,179
CO,NRS-v0.3,4,29817,94124073167.85371,4259136.790944856,322189.9891119376,0.06520297320445402,0.28862022156444056,0.6981218597449564,3.9162129587659145,2,162
CO,NRS-v0.3,5,14284,6077129985.035223,1593830.2266798231,76771.50022534188,0.030062443114780246,0.3282075733424297,0.6973131927511054,5.767503464014157,3,56
CO,NRS-v0.3,6,11938,2259795681.9515753,838123.7644052833,48407.1648180489,0.040426182159717064,0.30697287931797274,0.5358655879141625,4.973574591726823,1,22
CO,NRS-v0.3,7,13705,10291527235.33385,2220085.278076006,108138.24434134418,0.026239187194728543,0.28013755006617347,0.604729095227461,6.173405592921726,1,49
CO,NRS-v0.3,8,11565,9424969478.389242,1715204.4556230009,84544.32866372737,0.040258540298764675,0.41972140691537063,0.6601976691214552,4.983919143526254,1,30
CO,enacted-congressional-session-118,1,10219,400175691.5966978,247063.17110174085,26495.71703756181,0.08238431697804112,0.1814468685136791,0.49032582539951375,3.4839966381807157,1,3
CO,enacted-congressional-session-118,2,18432,29776306706.0322,1920509.1344165988,120269.07017001667,0.10144903936066194,0.6552590831341036,0.8921016870051134,3.1396123626791574,8,138
CO,enacted-congressional-session-118,3,35865,129545911116.69345,4031700.707016123,340209.4542623909,0.10015139529538411,0.35627149858156043,0.7569442244933553,3.1598866049826686,4,173
CO,enacted-congressional-session-118,4,25460,83483406889.46527,3269995.0979885934,256594.04635021221,0.09811057584585359,0.403605560097578,0.8314894729638871,3.192582197693121,3,181
CO,enacted-congressional-session-118,5,11529,3817891490.6461473,303122.64172706456,47185.53783078948,0.522151693258878,0.5458280989269195,0.9125809440498303,1.3838902661682424,1,4
CO,enacted-congressional-session-118,6,8689,798289319.8243402,350933.27763572155,31352.876634937104,0.0814556245151167,0.25849709033474877,0.6526163539529988,3.5038012330903574,1,5
CO,enacted-congressional-session-118,7,15894,18615125479.064247,1302059.8997673832,122391.60819733652,0.13797928947598784,0.395560404764122,0.7952025232169315,2.692111528886829,1,58
CO,enacted-congressional-session-118,8,12964,2655793120.041569,520909.0579298232,46205.06667762702,0.12299296944617312,0.39597262825676244,0.7363435571104356,2.851411235596164,1,47
CT,NRS-v0.3,1,10215,3801643692.168288,1787894.6320680813,74117.32969631071,0.014945052101424482,0.22028352087144074,0.441119436847459,8.179961945959304,9,76
CT,NRS-v0.3,2,10661,3705426585.0296755,1597918.1347188775,58532.49800535763,0.018236396491614893,0.3442660704409067,0.6600200813992433,7.405092485994666,4,104
CT,NRS-v0.3,3,8253,1472501857.663515,1350960.0758490092,57146.544517003946,0.010138662956247355,0.14352449538686152,0.34146202840817813,9.931381318140419,18,57
CT,NRS-v0.3,4,10461,2475600442.316683,1597258.1546939942,63710.4461726535,0.012193831445272845,0.19413747907252166,0.5481875970416666,9.055864303330408,16,101
CT,NRS-v0.3,5,8768,1262568791.779204,833905.1129170133,30154.191078494063,0.02281558669446086,0.44198732232935,0.5692620944766016,6.620399230278142,6,57
CT,enacted-congressional-session-118,1,8913,1714476868.0722876,715695.2329267905,35815.39026218695,0.04206154731216791,0.42544397884933793,0.6460028074887908,4.875929049681458,4,35
CT,enacted-congressional-session-118,2,12735,5303854010.089487,1653475.0974634355,55511.628558215576,0.024378451072614365,0.5478652460677006,0.8250207037301036,6.404672773567194,10,182
CT,enacted-congressional-session-118,3,8764,1256647265.6928182,632743.5389213939,33531.27291387535,0.039442807159107085,0.355765177685195,0.7151094556858568,5.035192652870101,6,48
CT,enacted-congressional-session-118,4,8037,1185741647.0374708,560181.8882887943,36391.95818349142,0.04748340032933578,0.28498982303785053,0.6575386292203015,4.589116619317422,15,57
CT,enacted-congressional-session-118,5,9909,3257021578.065314,1046423.1772983882,45536.0740003563,0.03737797758291779,0.49998801569184875,0.7350450923406417,5.1723999684356885,9,83
DE,NRS-v0.3,1,19591,5096829040.722449,1735360.7784863526,81263.97838755604,0.02126818236154983,0.24567107937618,0.7239707937221329,6.857010464871431,7,113
DE,enacted-congressional-session-118,0,19591,5096829040.722449,1735360.7784863526,81263.97838755604,0.02126818236154983,0.24567107937618,0.7239707937221329,6.857010464871431,7,113
FL,NRS-v0.3,1,19156,18110707629.637806,4463283.393356172,278466.679514035,0.011424477789262935,0.07434282744838676,0.38934946955454913,9.35581921354034,10,227
FL,NRS-v0.3,2,17603,8179122956.424485,3410972.1452594926,127823.52302999963,0.008834058181937466,0.15934384690288161,0.512646583647781,10.639467012472366,8,150
FL,NRS-v0.3,3,29275,29987664906.224846,7583529.519382809,232245.36378543408,0.0065525410443721885,0.17696960042052085,0.5114113933531577,12.353645224857855,53,372
FL,NRS-v0.3,4,10137,2603816623.175738,1404496.1799954772,47208.67416061435,0.01658743120378301,0.3718920679226065,0.5714433332885148,7.764445263386289,17,40
FL,NRS-v0.3,5,9934,2480356718.5206337,1695678.9354008392,63612.78559602147,0.010840186600503846,0.1951081649849308,0.5579672290811537,9.604651712730162,10,62
FL,NRS-v0.3,6,16199,5019231889.491661,2085876.6379096755,63499.50003559081,0.014496724472476347,0.39622947241754064,0.7305044656084505,8.305486136580704,7,130
FL,NRS-v0.3,7,9245,1591479799.3558311,1312832.1244515127,60312.429761563886,0.011603596120395599,0.1392635969066228,0.2684342767968607,9.283328056334513,8,70
FL,NRS-v0.3,8,10941,1565044008.1158369,1343360.0343369176,52363.47983700815,0.010898119628720207,0.18168525440286093,0.417281584188359,9.579089137578304,9,61
FL,NRS-v0.3,9,12679,4492893177.556459,1400235.6344239993,81130.58560621172,0.02879610214938574,0.21727361928410693,0.7356697223353579,5.892955305664067,7,74
FL,NRS-v0.3,10,24915,7392881305.828081,3400371.4132154626,86434.39847524873,0.008034722553121737,0.31498555148295687,0.5438797684487268,11.156155463570512,12,253
FL,NRS-v0.3,11,16699,5299959191.30825,3019713.6255203965,77009.04408847335,0.007303833636087347,0.2844717784371664,0.47630551042103214,11.70104268867063,46,187
FL,NRS-v0.3,12,10419,811247379.4399402,851733.2234330567,27180.002214589542,0.01405257768627748,0.34954609817346993,0.6007412401776766,8.435717017361283,18,79
FL,NRS-v0.3,13,12039,1395133204.6004353,789876.9191981052,33259.8670660506,0.02810002407602658,0.40144382714230703,0.7079497716373401,5.965497307106107,13,46
FL,NRS-v0.3,14,10683,2371418258.461924,1230817.267268674,56285.247836464165,0.019671200392079712,0.23826986634175673,0.5831187209622454,7.129918551084459,7,102
FL,NRS-v0.3,15,8846,460864922.3469039,687914.2638207173,42290.748595743644,0.012238125117320642,0.0820225063655417,0.47849179137836995,9.039461419678613,28,19
FL,NRS-v0.3,16,11697,4295482128.684331,2522178.5975743122,131877.34858922506,0.008485356794328882,0.07861793453635149,0.28740982877353005,10.855877795268977,22,101
FL,NRS-v0.3,17,18813,6459122292.017098,3268550.2036035834,112917.66530459223,0.007597540981408243,0.16125004867631634,0.4404508303952137,11.47264285961009,11,205
FL,NRS-v0.3,18,6498,2838246716.012594,802689.480805241,45328.23962415338,0.05535602092521207,0.4397061755847161,0.7320141969315419,4.250280255800241,2,56
FL,NRS-v0.3,19,15422,11973330629.129345,3614702.503427102,132879.6233107244,0.011515418327322328,0.21584814759205753,0.5291445856884751,9.318803202778813,23,147
FL,NRS-v0.3,20,16997,2166191205.1113772,2630359.750054648,73555.42437439371,0.0039343804342402,0.12744344558215112,0.4261835827471614,15.942698175253044,20,152
FL,NRS-v0.3,21,14955,873350505.5942186,1771373.6684574187,53288.830742831204,0.0034976638697310617,0.09789630973363342,0.27746300187625633,16.90872903561327,62,85
FL,NRS-v0.3,22,9060,5258211161.58691,1373386.866618394,74126.30294958824,0.03503177208492821,0.3046095181119791,0.5015876553233504,5.342800361102525,10,55
FL,NRS-v0.3,23,13420,13297376801.44323,4458194.865021623,124673.5291946075,0.008407323229967675,0.27231251158521663,0.5088316319845642,10.906141489047446,132,198
FL,NRS-v0.3,24,15583,2044193700.8489537,3107258.603545932,75263.14049484149,0.0026605848349739347,0.11487023267982732,0.38050723858776486,19.38703723149465,27,201
FL,NRS-v0.3,25,9636,356097680.01092947,514875.891525192,20102.755512929296,0.016880056437853595,0.28048399841117155,0.5146579370417913,7.696850530486585,18,28
FL,NRS-v0.3,26,9335,1380392150.0988746,2180957.268309887,158950.5376856211,0.0036468511034615085,0.017391162197188205,0.08002498975453387,16.55926224527952,154,72
FL,NRS-v0.3,27,6750,508478520.7277317,569193.1760416126,20291.931057801452,0.019722551854118617,0.393075506882887,0.6976067750474768,7.120630443264581,2,56
FL,NRS-v0.3,28,8577,1394374044.8342268,798634.4643435763,43876.26696700784,0.027472175894677178,0.2305526279237013,0.554043683482396,6.033279856972491,8,47
FL,enacted-congressional-session-118,1,16906,8434452259.2080765,2727637.723730774,77530.58693311513,0.014246014171180078,0.4466433458508502,0.7822734323631849,8.378249976560188,7,164
FL,enacted-congressional-session-118,2,26153,26171630145.00143,5391508.442814792,151928.52276599302,0.011314101200500705,0.36091278875289196,0.7280700069969746,9.40134457267745,26,410
FL,enacted-congressional-session-118,3,24561,19335554759.755863,2295773.352024581,109092.51318844245,0.046100801916085093,0.5171504068634694,0.8968934057445279,4.657423820226065,21,187
FL,enacted-congressional-session-118,4,12532,4708491439.217692,1330253.0143464298,63361.56458009221,0.033436679759464794,0.3733190285585332,0.7719818354496191,5.468754492408465,7,32
FL,enacted-congressional-session-118,5,7783,1605016359.4309359,948502.0523842135,34484.419280830305,0.022418821416601262,0.4296192741278426,0.8280333597659256,6.678725764644905,5,77
FL,enacted-congressional-session-118,6,21190,9117621236.8224,2695477.6893460955,64817.18227598625,0.015769572780914894,0.6907984892434965,0.8604886688399896,7.963244238686398,18,193
FL,enacted-congressional-session-118,7,12875,2340112238.3552055,988932.2694496169,40204.460121581236,0.030068617126100167,0.46082745552343113,0.7975245522049393,5.766911310746858,4,105
FL,enacted-congressional-session-118,8,15094,4627294203.495499,1666545.8146785416,75174.68458841671,0.020936421944786586,0.26063576539011274,0.6773462786892352,6.911125331113025,13,89
FL,enacted-congressional-session-118,9,9735,4526365764.564727,1111517.8221404795,55714.92786297346,0.04603908123189975,0.4641481539901265,0.8162260306355039,4.66054468079136,8,95
FL,enacted-congressional-session-118,10,8821,683371085.9970145,308367.6205209943,23473.158130377178,0.09030856143857062,0.3947877586575878,0.7272620092260388,3.3276338836923145,2,38
FL,enacted-congressional-session-118,11,14855,4327827129.730824,1853516.7719379729,53984.83963695595,0.01583021191450143,0.47268998519850147,0.7490806427485331,7.947977622070351,4,290
FL,enacted-congressional-session-118,12,16857,4533886785.567779,1725357.14926963,55387.31464717897,0.01913914443055374,0.4704355998605165,0.7382255772176961,7.228342792755834,26,147
FL,enacted-congressional-session-118,13,14299,646318222.5916415,935865.5440828389,31742.802285677095,0.009273194066515953,0.20417661524762087,0.6379716081575281,10.384493663632114,48,70
FL,enacted-congressional-session-118,14,13184,743835789.1379004,1092669.5411776458,29796.85305352957,0.007829053489861655,0.2666775147998133,0.48160188699332196,11.30174150582655,34,63
FL,enacted-congressional-session-118,15,9779,1739765657.7707076,395143.133659862,31132.641398176638,0.14002053686298624,0.5713588287928897,0.876680058115238,2.672416415419998,2,61
FL,enacted-congressional-session-118,16,10661,3070671620.301246,1115896.2492545336,46444.02529492276,0.03098814671801588,0.45313102307345837,0.7279397309566443,5.6807044945689,13,83
FL,enacted-congressional-session-118,17,20563,4072433235.7097025,2552474.929346014,71259.9085725278,0.007854903734981775,0.2552781117629399,0.7235510659606526,11.28312933941077,23,219
FL,enacted-congressional-session-118,18,23232,17101534528.325352,3465042.41027192,117111.5710184746,0.01789896161059683,0.3969041089628772,0.7681805176326256,7.474567732672783,10,330
FL,enacted-congressional-session-118,19,13747,2157167869.8440804,3033500.112273461,61324.062993433865,0.0029458170829306817,0.18258799857164998,0.5285619651409997,18.42455943306607,29,228
FL,enacted-congressional-session-118,20,8642,5620616120.100375,824960.2376241476,61390.42606868091,0.10378336689511158,0.47471478372466025,0.7270364341535166,3.104102989800658,4,49
FL,enacted-congressional-session-118,21,14146,3979794824.4117713,1461387.3247079183,55094.9802690557,0.02341746471653982,0.41733686223857874,0.9139750711080787,6.5347663303631025,16,91
FL,enacted-congressional-session-118,22,8023,657118028.5874496,399494.27651446377,23780.74313553851,0.05174067895505865,0.3698645142297822,0.670226364829311,4.3962657611515965,10,22
FL,enacted-congressional-session-118,23,8065,437478337.98813134,529059.9637377082,19283.40217366899,0.019640684614324493,0.37448925641110536,0.6996463004058,7.135455286897823,18,54
FL,enacted-congressional-session-118,24,8835,266935216.25956428,540343.5177674918,14933.268197962867,0.01148883112064972,0.3810186821201674,0.7323630913093441,9.329579659014614,36,35
FL,enacted-congressional-session-118,25,8068,531826074.63862306,325462.2246962971,19147.34556805421,0.06309258375116657,0.4617454267592379,0.8150643311925135,3.9811711070236853,1,33
FL,enacted-congressional-session-118,26,7841,6168845846.091792,1653138.7938262923,83642.88209790764,0.0283658072052851,0.2806700468427704,0.7637567527865358,5.937483648427983,10,143
FL,enacted-congressional-session-118,27,9194,316204249.7335747,483227.5124230732,15888.631767250456,0.017016657627225668,0.39869870934005536,0.5433651916912283,7.665895054458625,20,33
FL,enacted-congressional-session-118,28,9872,6684500477.949784,3316342.949130488,149202.79417089839,0.0076376535037640325,0.09557959219394009,0.2799955792370883,11.442476364983243,214,160
GA,NRS-v0.3,1,30036,23608660198.205486,4863637.174625579,148559.5597043054,0.012541771002987818,0.3405024659878254,0.6200888169256445,8.929364812330663,13,242
GA,NRS-v0.3,2,21472,15664093228.034292,4468024.493244642,201951.68203888033,0.009860161603059463,0.12225325670342131,0.29901049149818376,10.070661153849775,9,168
GA,NRS-v0.3,3,18092,10447024843.346363,3083342.8870125166,136956.85664642157,0.013808892354722638,0.1772863077275545,0.5881814312503562,8.50982399645665,10,83
GA,NRS-v0.3,4,7272,1730793268.3679209,1177968.4173478156,55125.459563545,0.015674286044380575,0.18129710890900355,0.4775630393752583,7.987412543348807,5,46
GA,NRS-v0.3,5,11971,4782746606.667885,902547.4231389336,52194.99096709481,0.07378144814374113,0.5588173043594232,0.8717882620492265,3.681513627999148,4,44
GA,NRS-v0.3,6,7467,1061410081.2663257,650357.3022062922,28658.886616108182,0.031534723727484025,0.41135303605161533,0.689874435326718,5.631258770615896,6,25
GA,NRS-v0.3,7,9091,2833349043.959167,1473493.8132557364,64614.61805043742,0.016398846839292977,0.21601735469219122,0.5220763744842178,7.808962641600493,12,29
GA,NRS-v0.3,8,30618,32513884547.127106,8507476.924017211,227999.84974036898,0.005645171804716506,0.19909019180756,0.40846778149528623,13.309490118185664,39,466
GA,NRS-v0.3,9,9531,3958352705.4559145,2176675.0829564016,62823.95727543716,0.0104987390534361,0.31923760071226737,0.41491769018782676,9.759586762193996,8,42
GA,NRS-v0.3,10,8502,959936993.7124878,511431.36737507884,39605.81985041435,0.04611878645077242,0.19479367025600455,0.519686987121837,4.656515624518522,3,11
GA,NRS-v0.3,11,8480,2372839119.795425,1007754.5864221435,51370.42171356759,0.029360847751186248,0.2862148474282035,0.6198271389035022,5.836005660842195,5,35
GA,NRS-v0.3,12,22443,17492933986.32977,4178515.9828843153,152170.78510710484,0.012590076989752888,0.24046408571380237,0.4965389822345873,8.912218121300688,9,156
GA,NRS-v0.3,13,13171,6194263874.232865,1907420.3979926524,68464.77248848151,0.021394725607698083,0.42063508185324844,0.6895373059380777,6.836701832621765,4,67
GA,NRS-v0.3,14,28577,27984327380.522057,4033325.571680657,208844.530658603,0.02161713711135186,0.20422964750444877,0.5936431223997998,6.801440629584242,10,181
GA,enacted-congressional-session-118,1,24550,19596523881.64931,5739162.746504719,121743.19876590454,0.007476387875992294,0.420862035542685,0.7784086778026297,11.565225037104359,40,440
GA,enacted-congressional-session-118,2,27922,26098603533.008766,2938947.1837059716,135262.09532712243,0.03797026002957179,0.4540620189199549,0.7954907504305728,5.13190034513598,6,195
GA,enacted-congressional-session-118,3,17224,10917659014.398575,2030063.4583884531,87299.56741233199,0.03329048806948332,0.4559901590190041,0.8128924552810026,5.480749069753518,4,101
GA,enacted-congressional-session-118,4,7168,1076986346.9755127,460006.59540347767,33521.045797292245,0.06395756852563665,0.3050880564603837,0.7585864972275989,3.9541580797083355,3,17
GA,enacted-congressional-session-118,5,9510,646497829.9295726,240083.8580070915,20215.58788890999,0.1409454345063213,0.5035521419194624,0.8003957531433088,2.6636336552139652,4,7
GA,enacted-congressional-session-118,6,6397,2080037578.0648415,837151.7202866565,39922.13859777674,0.03729689664025323,0.41542603659513744,0.7214599916232758,5.178019140844282,2,38
GA,enacted-congressional-session-118,7,5111,831948144.8561988,302348.27754722437,23004.03779707296,0.11436447063060833,0.5004241267141154,0.8176099897169312,2.957021198725915,2,16
GA,enacted-congressional-session-118,8,31119,28596118660.855663,3017481.55256366,164746.50935302084,0.039466417619762266,0.3353704354388798,0.7322373595579462,5.033686296190919,10,183
GA,enacted-congressional-session-118,9,17890,10266968314.872358,2607238.152705589,92689.55037051447,0.018979758422774124,0.38039149499046465,0.6877214615842575,7.258630008271685,5,144
GA,enacted-congressional-session-118,10,17488,13147673334.547523,2955198.542803971,86952.5249576734,0.0189184451964657,0.5535216816073448,0.7977605718541978,7.270382824364316,6,145
GA,enacted-congressional-session-118,11,9702,2970468833.216325,1097157.6432125566,44900.27312333395,0.031009645269817816,0.46900466423641013,0.6945309027037951,5.678734976805222,3,37
GA,enacted-congressional-session-118,12,27913,25329679564.82627,3247385.3781263726,127650.86393200007,0.030183659851728325,0.4948029796102953,0.8521963080983944,5.755910746692822,8,263
GA,enacted-congressional-session-118,13,8533,1540494565.8587387,509984.0854589003,35880.2098316061,0.07443150272667905,0.3808906831151039,0.5850146401836207,3.665401948550367,2,24
GA,enacted-congressional-session-118,14,16196,8504956273.963242,1207839.8644763788,80049.98890546906,0.07325937859857502,0.4224736825517146,0.7947515985909855,3.694608156800163,3,49
HI,NRS-v0.3,1,8005,147627791181.42618,4941364.299281991,633353.7897164392,0.07597736709246862,0.11714547079987477,0.38604122236416166,3.6279214908506714,47,11
HI,NRS-v0.3,2,5778,32011880261.824753,3037788.2369526015,3715890.766072129,0.04359192579749564,0.000737964437160982,0.011291440413567989,4.789574932854406,50,18
HI,enacted-congressional-session-118,1,4534,5734321055.283847,976246.857679645,76210.73212437799,0.07560883924386862,0.31426778499081237,0.6468039253491138,3.636752236735298,4,7
HI,enacted-congressional-session-118,2,9249,173905350387.96857,7042105.099365767,4297807.4204601655,0.04406743808719683,0.002996878722459742,0.04248192095208987,4.763663748830961,92,21
IA,NRS-v0.3,1,37146,31269604043.360558,3948527.2435583835,182462.22570008563,0.025203564591054356,0.29896928510990106,0.5927309549572432,6.298962398743849,5,170
IA,NRS-v0.3,2,22770,13027041896.815111,2533215.634740382,154497.63305463662,0.025510052615197232,0.17372098237882821,0.5729338908620493,6.2610089243479985,4,51
IA,NRS-v0.3,3,61997,57991987034.51697,4563508.28038338,207407.74430822209,0.034992918711335835,0.4291095503363942,0.74818225626856,5.345765650028743,12,188
IA,NRS-v0.3,4,50223,42844629738.03295,4960900.5621522525,236359.42521385444,0.021876871409797962,0.2441184877615397,0.7732125863052625,6.760944844049153,8,254
IA,enacted-congressional-session-118,1,35387,28284126604.451347,3661798.8535112175,159150.8257503337,0.02650718858285749,0.3554472080298708,0.6716501561700684,6.142118146994197,8,197
IA,enacted-congressional-session-118,2,40301,33542646105.526283,2565802.3889402025,141377.71919832163,0.06402664920175555,0.5341773943958557,0.7954351922343424,3.9520243616685344,3,163
IA,enacted-congressional-session-118,3,36119,27703987543.755756,2774389.313665557,144414.63943728936,0.04522903703168808,0.4228340666518531,0.766212917098784,4.702094243038993,3,129
IA,enacted-congressional-session-118,4,60329,55602502458.99195,3733198.1498305113,191503.24152611758,0.05013512685531267,0.4826054323737218,0.7264326693773672,4.4661051194865955,9,176
ID,NRS-v0.3,1,38284,133793113415.95532,10726976.402625075,453339.89550964773,0.01461130389453774,0.20722206966785164,0.5935331153647253,8.272856919985744,15,591
ID,NRS-v0.3,2,40368,81348611842.60403,9194693.595947662,375343.7086121756,0.012091647769454391,0.18379851246187093,0.4953638168456886,9.094048293383212,9,520
ID,enacted-congressional-session-118,1,38477,102566496048.79614,8444341.492396493,396545.18914800603,0.01807522895256782,0.20762052053453178,0.7295977436551231,7.438032925134994,11,502
ID,enacted-congressional-session-118,2,40175,112575229209.76291,7893665.237299062,249681.6400501018,0.02270362971403737,0.574803958695693,0.8088951724766112,6.636702535174522,15,621
IL,NRS-v0.3,1,23028,10905535806.690092,3325199.666767906,207710.47573307742,0.012394283206050995,0.0804600567375472,0.2624028750608335,8.98233591115583,12,192
IL,NRS-v0.3,2,13218,1221702812.6667264,920065.876227718,44632.49348692773,0.018135836436871496,0.19521509681711013,0.6685751535333317,7.425594079969563,11,99
IL,NRS-v0.3,3,15672,3483715131.811784,989711.0462107153,55419.35811165873,0.04469260447148493,0.3610520204193604,0.7610370593699166,4.730229018210008,5,49
IL,NRS-v0.3,4,9540,227501935.68567076,248622.1662630389,19512.59231946747,0.046250376009752694,0.1901977091739408,0.49246014936694565,4.649886648140068,1,0
IL,NRS-v0.3,5,11780,149725781.5825256,101101.78875882918,8958.650330886108,0.1840724419795531,0.5938291938295815,0.7979041306682585,2.3308032396639207,1,0
IL,NRS-v0.3,6,8164,122412775.58229597,195207.60609056253,24642.738603488204,0.04036854887374571,0.06416510834381883,0.24416872475055176,4.977123656767254,3,9
IL,NRS-v0.3,7,12050,419433963.30645424,304634.22803468286,24730.041478949242,0.056795779175497586,0.21830517548699566,0.5734574842380019,4.1960626996990555,1,11
IL,NRS-v0.3,8,13423,888493404.0477068,730754.1344762768,44701.57514016342,0.020908434165744488,0.14153331611401218,0.5385702641185408,6.915749358925729,6,85
IL,NRS-v0.3,9,26999,15699769857.310566,2716693.3888795013,184613.03477836502,0.026731411927328426,0.14662860080213017,0.4799019973377319,6.116303826787195,17,84
IL,NRS-v0.3,10,12401,323860551.73594683,399111.46652844036,23729.963057619556,0.02554932935592141,0.1830686818467162,0.4069719813276684,6.256194578675089,3,23
IL,NRS-v0.3,11,13359,2445800284.8125596,1106343.1963288034,60664.11959051077,0.025110254614217238,0.2115472189101754,0.566160763039358,6.310655052398226,9,56
IL,NRS-v0.3,12,15452,463178193.92569184,292356.80696624855,16505.477090892087,0.06809755967945352,0.5411804108165944,0.7768177936265768,3.832076986842731,2,1
IL,NRS-v0.3,13,20336,5751046643.332203,1840157.6235848593,83449.79675564292,0.021342569456115852,0.26287328398373916,0.6343289769548864,6.845050369963902,10,81
IL,NRS-v0.3,14,36454,22584683773.59187,3237118.7586100283,174973.89508615385,0.027083613851964203,0.2348105586855518,0.5574232285900287,6.07640473406527,5,140
IL,NRS-v0.3,15,40952,24192238886.315357,3284417.789531981,155483.45785377116,0.02818182636629816,0.31853547664991705,0.668143139269319,5.956833106829875,11,156
IL,NRS-v0.3,16,47410,32350229956.881783,3630346.2032096395,179448.94349782102,0.030845452826601703,0.319775869052039,0.8360069491654332,5.693829063001273,4,261
IL,NRS-v0.3,17,43086,23655974554.729637,4987240.506120167,123166.01057565528,0.011951711021615368,0.49637422559339806,0.7515182369952134,9.147132247278359,13,461
IL,enacted-congressional-session-118,1,15283,1592082326.598134,641105.5799386298,45009.85390538906,0.04867615571143781,0.25014996247879095,0.5662030829727276,4.5325422822633765,5,23
IL,enacted-congressional-session-118,2,26092,10158938988.625216,1176896.8749952887,100616.40357525831,0.092168261706889,0.3194191132171053,0.7651687447508341,3.2938915917715335,6,46
IL,enacted-congressional-session-118,3,11322,404905448.0124884,354807.0402224633,25877.83717257567,0.04041839156127869,0.19246324140872625,0.4141623423329966,4.97405389401985,3,47
IL,enacted-congressional-session-118,4,11961,248799635.63969544,250583.83193385985,14374.595803163978,0.04979130530053914,0.3832733158300477,0.5527313262890727,4.481498384246204,2,13
IL,enacted-congressional-session-118,5,10198,407170042.43858975,351048.34902476624,29499.199451937748,0.04151947099688043,0.14893798846273057,0.4795032296714092,4.907655783187494,4,26
IL,enacted-congressional-session-118,6,12365,589157873.7621441,354116.8080644711,22316.2580093141,0.05904028813724884,0.3765642316666905,0.6477605324788032,4.115529943390664,3,46
IL,enacted-congressional-session-118,7,11983,177362596.1576396,159609.27754506885,13978.073537152719,0.087489440171127,0.2889465561501091,0.49855145835379205,3.380821030163913,3,5
IL,enacted-congressional-session-118,8,10409,748675472.2321789,445528.273490909,27654.179787976576,0.047397226537872865,0.3116177364016211,0.5871119670233639,4.593286504578691,3,40
IL,enacted-congressional-session-118,9,10852,440278822.3399244,345656.8451081594,33536.352562896056,0.04630707363656957,0.12460809887821732,0.4218311074552092,4.647039153523971,4,20
IL,enacted-congressional-session-118,10,13493,1349824823.3214567,900836.1503040768,39448.86701269674,0.02090237633270488,0.27609495351832825,0.694990660322731,6.916751432070842,15,133
IL,enacted-congressional-session-118,11,13832,2392272254.930729,814527.1097584453,52640.4320686195,0.04531159820190868,0.274803234519849,0.5293276931084575,4.697808503657716,9,68
IL,enacted-congressional-session-118,12,53156,36625949962.369194,5281833.621255716,161493.3354498426,0.016497925127323496,0.44702294579073526,0.7787999357143031,7.78547896844717,12,468
IL,enacted-congressional-session-118,13,25415,5905022743.691995,1465542.78601087,128926.75370908628,0.034548916719131434,0.1130799497626694,0.3805326698003577,5.3800062809317355,7,151
IL,enacted-congressional-session-118,14,17963,5142711236.347171,1206769.4091262675,61469.06654638885,0.04437653801988939,0.4332404821350004,0.6965445832858141,4.7470443681512755,11,70
IL,enacted-congressional-session-118,15,55402,43726300435.17685,5007552.878176941,183228.18298218487,0.02191298343488435,0.41457996639369993,0.6401716364132728,6.755371616599323,9,286
IL,enacted-congressional-session-118,16,36052,23243163926.64903,3360257.3632277274,153938.5596401704,0.02586783167859232,0.31221267848427,0.5748136195118967,6.217560027030425,12,184
IL,enacted-congressional-session-118,17,27546,11732687725.716095,2153726.3376687095,129170.18942057397,0.03178530167836432,0.22383244885578085,0.34517324603878247,5.609017966688955,7,93
IN,NRS-v0.3,1,22024,6920178135.314317,1583766.9602883756,105832.26128969561,0.03466926069060338,0.1966668899119021,0.5661928192007578,5.370660622195715,3,91
IN,NRS-v0.3,2,18026,3880981097.343638,1650351.2059921739,124069.91541557113,0.017906002539260127,0.08025252073241237,0.30605482333358786,7.473098027956974,7,74
IN,NRS-v0.3,3,26180,15067857830.824306,2488425.59039592,123984.75754343861,0.03057821008629239,0.3120075095850573,0.7434876898684525,5.718655962446621,4,127
IN,NRS-v0.3,4,27969,14372533495.164885,2140045.124093147,119992.63090497126,0.0394364062559998,0.3177417664159209,0.7426630312804651,5.035601266073782,4,61
IN,NRS-v0.3,5,18100,5988118349.876054,1705488.8335068123,85496.79549374354,0.025870360387576376,0.2607599133387662,0.6399806384467971,6.217256150627455,3,118
IN,NRS-v0.3,6,22553,12671150533.089186,2557101.956816293,137763.41642404048,0.024351730301108324,0.212519296136914,0.5688117023708473,6.408185683628866,8,80
IN,NRS-v0.3,7,13906,1559785107.5888102,890975.6114690899,63774.69014699309,0.024691245686079513,0.12207259654150623,0.3847359608143074,6.363975507828925,1,18
IN,NRS-v0.3,8,25996,17016192386.477488,3196371.0751226475,124360.65523920827,0.020929452478581044,0.35022448970261216,0.6367318064923833,6.912275930854883,3,152
IN,NRS-v0.3,9,26205,15742488982.077229,3852987.8995964304,125497.98817707364,0.013325636792519585,0.3181632378507638,0.7330617732790328,8.662754645435314,12,171
IN,enacted-congressional-session-118,1,16911,2867582964.008201,480911.4066822092,47735.29761795424,0.15581013336257077,0.40057777475037964,0.7567128767518153,2.53339057410724,2,35
IN,enacted-congressional-session-118,2,26527,11324567042.801847,1718837.7671184682,76065.01489498785,0.04816834179944775,0.6230197657866066,0.87068102081897,4.556371765835561,4,141
IN,enacted-congressional-session-118,3,23272,11446625547.484732,1556281.3283674896,95300.78542410073,0.059389699254745826,0.4011757225726225,0.9206450073611815,4.103405507117704,7,148
IN,enacted-congressional-session-118,4,25425,15825097051.683205,1575916.2260926042,115627.60066955497,0.08007371755411719,0.3767675417805188,0.8389456082750832,3.533906087634712,5,84
IN,enacted-congressional-session-118,5,20202,5704428559.380618,934617.9666527592,55940.84369870591,0.0820642034987343,0.5802354362822648,0.8412127610687422,3.490785157093751,2,59
IN,enacted-congressional-session-118,6,19223,8521049039.2720585,1290121.303689283,79037.36149275712,0.06433418968188083,0.43418850804606013,0.7799802376868151,3.9425669994271493,1,101
IN,enacted-congressional-session-118,7,11429,723105650.1162821,205777.08487258168,20162.18266165381,0.21459401133100275,0.5662090313962292,0.9544095469314126,2.158694579565547,1,16
IN,enacted-congressional-session-118,8,35295,21127022759.540524,4017951.205117903,140262.30363126541,0.01644518818819907,0.3418271017337275,0.7234226794188571,7.797952334073008,10,228
IN,enacted-congressional-session-118,9,22675,15679807303.467865,2435224.762017467,104587.16401948973,0.033225573265363635,0.45628277561374386,0.7610759232056163,5.4861004919990375,11,101
KS,NRS-v0.3,1,32678,33014323214.967888,4617781.085285721,282087.9530899284,0.019455642693894097,0.1320636958914522,0.42668597661705393,7.169307515309276,15,119
KS,NRS-v0.3,2,25780,30821880967.651787,4770217.217190478,323802.8874282421,0.017021298649751604,0.09357241362782369,0.566761870541083,7.664849892810383,14,90
KS,NRS-v0.3,3,61124,84936820249.92642,6564601.54929029,323245.6166589126,0.024767896297250562,0.2587502850883723,0.7500068158196482,6.3541203994456845,5,333
KS,NRS-v0.3,4,49737,63553969848.499664,5956725.230871505,340295.69488106616,0.022508026218896374,0.17469476917966356,0.5457795081482351,6.665477915230392,11,373
KS,enacted-congressional-session-118,1,72965,128752925695.87224,5008203.930034705,328053.8851956852,0.06450642314337249,0.38081746932896277,0.8143965535716844,3.9373001143756494,24,164
KS,enacted-congressional-session-118,2,46804,39859750534.71889,6225583.599220282,182210.20651899255,0.01292362362712809,0.38215478596495644,0.6249466167801071,8.796458319032089,35,466
KS,enacted-congressional-session-118,3,14262,5904140024.765307,1133178.7087609249,70857.10688595225,0.05777895739705125,0.3743173384005629,0.789299951598172,4.1602090034785775,3,65
KS,enacted-congressional-session-118,4,35288,37810178025.68895,2725256.880315907,170888.04776725636,0.06397402809199823,0.41213118014311745,0.8731421977153662,3.9536493739408094,6,229
KY,NRS-v0.3,1,20706,19165113220.060196,6561806.10186313,141161.452043908,0.00559338182843816,0.30614648851720877,0.6206483404736087,13.370965444178978,16,182
KY,NRS-v0.3,2,20424,17294353183.957985,6651249.545527382,138722.1233002845,0.004912558140985725,0.28606386102908815,0.4429759149419572,14.267443070535611,18,202
KY,NRS-v0.3,3,13381,5664996733.966038,2273410.3831419316,82885.30749930617,0.013773802438412816,0.26247907391208875,0.5646990459321409,8.520656846433173,19,144
KY,NRS-v0.3,4,13435,7300463062.602387,3778463.4055774603,94438.81661520708,0.006425838867516907,0.26055503047448714,0.42843611870568304,12.47484288092587,13,157
KY,NRS-v0.3,5,25183,25306306364.43317,7017671.269651052,150079.66076707802,0.006457324093654548,0.35763104356213066,0.6774798706560771,12.444392713457068,30,299
KY,NRS-v0.3,6,32724,28683756081.391567,9165463.174177809,339565.714921103,0.004290787938468959,0.07918419020355326,0.4681967208735753,15.266218515377414,27,356
KY,enacted-congressional-session-118,1,33378,30486842206.140175,8176155.231373995,234707.00004562014,0.005730916097873108,0.176161291392198,0.4796499682386187,13.209548532855937,53,414
KY,enacted-congressional-session-118,2,20691,19075403242.662888,4904943.859364107,105918.01408421656,0.009963582234688306,0.5412329097492496,0.7650321548512327,10.018258768584506,25,242
KY,enacted-congressional-session-118,3,10347,802320424.5071477,371461.80160453374,25955.095696423356,0.07306836517978091,0.37909905904423924,0.7674904054926003,3.699434179092627,8,70
KY,enacted-congressional-session-118,4,16849,12666880253.850197,3594523.6427628556,130858.5853440478,0.012319606605515203,0.23545902982857758,0.5213705266241163,9.009518471240138,17,249
KY,enacted-congressional-session-118,5,29818,30514645911.98034,8117246.299478146,148499.9035463812,0.005819702055425312,0.4404596394881751,0.7897047639477716,13.108398162215337,8,287
KY,enacted-congressional-session-118,6,14770,9868896607.270657,3166864.7534315344,78885.60387479526,0.012365720618837867,0.5048044997521112,0.7914359929223124,8.992703716659118,2,152
LA,NRS-v0.3,1,19872,22882890608.70231,6465721.051491308,154507.6990395746,0.006878390380002742,0.30511303493810643,0.49042777671929444,12.0574810991717,39,232
LA,NRS-v0.3,2,17060,10950758189.103188,7445119.003189656,257026.8250898203,0.0024826229470562102,0.05276396372731473,0.17661173699568328,20.069872677867334,44,227
LA,NRS-v0.3,3,18634,5103528773.950357,4546202.546796085,110062.80960858971,0.003103007818507507,0.13410331233761208,0.2929713298001643,17.951823309904405,127,252
LA,NRS-v0.3,4,25277,18682068705.95411,5193800.942957324,243830.8590626342,0.008702904686055094,0.10002251138489288,0.3412582082500167,10.71933605484305,20,143
LA,NRS-v0.3,5,30369,32627517579.550922,7792791.932304113,164140.84341881017,0.006751616018829256,0.38547910175078365,0.7487485163465969,12.170155646508247,28,280
LA,NRS-v0.3,6,23753,28564404417.109367,12746713.56700638,244163.23696788566,0.0022092180535113644,0.15251577034945732,0.5082945079184183,21.275545701003562,236,732
LA,enacted-congressional-session-118,1,18198,13149978481.712473,8681463.418387296,116987.24330726093,0.0021925475818359154,0.3058427251671811,0.43669751649650573,21.356274112275454,284,666
LA,enacted-congressional-session-118,2,19729,3492271403.180896,2474604.745446987,82292.28941999734,0.007166484549357936,0.16414959871140447,0.3531035649294894,11.812638555042817,22,114
LA,enacted-congressional-session-118,3,22546,18688437037.17895,6026968.98156386,138201.5544105037,0.006465244195944659,0.3114563957346331,0.7082459079364125,12.436768015635375,33,328
LA,enacted-congressional-session-118,4,31522,34939001400.52096,6544184.471041161,183795.04476072988,0.010252016258351584,0.32922516105562055,0.6003625379694464,9.876324637576062,18,377
LA,enacted-congressional-session-118,5,30574,38693619381.706116,8122975.124660222,182848.27742519547,0.007369176742493778,0.3683899179931168,0.5870382004250173,11.649050114413484,57,300
LA,enacted-congressional-session-118,6,12396,9847860570.071531,4105621.3714639773,88027.35522212701,0.007341654866149071,0.40453556692726234,0.5806671537648391,11.670864257161433,79,152
MA,NRS-v0.3,1,12126,2133931404.6658483,2171296.9774031816,88003.80720282982,0.005687898833652567,0.08770566794123244,0.25550649458403274,13.259405985527046,36,167
MA,NRS-v0.3,2,9706,998072340.5698668,993214.5551420938,40852.9327600097,0.012714103238353631,0.19035560499353482,0.5190596038000574,8.868642185902132,52,109
MA,NRS-v0.3,3,7990,212271919.66740516,483004.33956753754,16372.532507983376,0.01143405682019413,0.25206407437939404,0.41559392376227294,9.351899412330456,27,24
MA,NRS-v0.3,4,13984,4999724518.648499,2458325.3461716417,95243.13313389565,0.010396262146354904,0.17544009579029216,0.5194152843947377,9.80756937967191,7,203
MA,NRS-v0.3,5,8757,854760099.1059498,778275.6947673106,38894.183586864674,0.01773320232482541,0.17985604885338174,0.3979053084628354,7.509420353541785,4,46
MA,NRS-v0.3,6,10826,1324245673.5712423,1343960.9657203336,67350.29763485407,0.0092130858155186,0.09292651526092166,0.303694741962798,10.418313980544841,10,91
MA,NRS-v0.3,7,13746,2697207930.8116345,2175735.9149935744,70213.98123169265,0.007159982001143339,0.1741475454551693,0.44115651379060233,11.818001335272008,24,162
MA,NRS-v0.3,8,14493,5433599849.505694,2346302.9093684675,78340.0367608461,0.012403074661143959,0.28181897921477844,0.6992327909213839,8.979151950595455,6,237
MA,NRS-v0.3,9,10899,2084648105.397766,1255817.3161565086,46004.88099612649,0.016610766949021402,0.3135270812106652,0.5863946613262463,7.758989380522486,8,193
MA,enacted-congressional-session-118,1,15064,5855248983.152687,2054775.3641979801,73032.1480936206,0.01742715649547798,0.34943575849416464,0.7296642836614855,7.57507146476068,7,253
MA,enacted-congressional-session-118,2,13288,4759214829.810266,1748812.1458932445,69539.20709492164,0.01955504642950617,0.31327516517066156,0.6734226278095133,7.151062508384865,8,238
MA,enacted-congressional-session-118,3,10928,1976497156.7384357,1108688.9043204132,46561.6280858338,0.020206293440710957,0.2901950539611752,0.6563451990730443,7.034879651508337,17,155
MA,enacted-congressional-session-118,4,10993,1774808944.1060789,1021060.0415855169,42798.151053930706,0.021392370478882507,0.30842652553794253,0.5996813516714515,6.837078155347976,11,140
MA,enacted-congressional-session-118,5,9655,581296824.7049129,465554.12802618725,23535.649917892213,0.033702913906018456,0.33403785556673266,0.6081871256106676,5.447111616995295,8,50
MA,enacted-congressional-session-118,6,10036,1436434586.6108074,1091130.1056764235,32212.835038904715,0.01516151640680825,0.44063407990366493,0.692070641436566,8.12135846209193,55,156
MA,enacted-congressional-session-118,7,6456,159072893.44893306,237435.71477451216,16321.482414329055,0.03545797697357809,0.19007592173346052,0.46266686355497794,5.3105930549733085,5,8
MA,enacted-congressional-session-118,8,9473,778386402.9569498,679235.2197536202,23755.410164316134,0.021201408367596188,0.43905638920979595,0.6022892636320375,6.86780007888602,35,54
MA,enacted-congressional-session-118,9,16634,3417501220.414765,2800530.00932181,67105.55762312222,0.005475680263739672,0.24156934767046032,0.3691683335890318,13.513908048712238,44,179
MD,NRS-v0.3,1,13186,6721182294.217422,1646973.5909636377,134815.76790875016,0.0311373944193785,0.11771028802276616,0.48042690101946006,5.667073770118087,4,38
MD,NRS-v0.3,2,11779,5158416315.541023,3572845.1385585424,76365.63045955771,0.005078060471933342,0.28155979064600417,0.47902004518212166,14.033017468431312,29,57
MD,NRS-v0.3,3,9001,1915383270.5776994,2611208.682502424,56220.57182672618,0.0035300624750565566,0.19289248144165272,0.32705378065399365,16.83095675775931,55,28
MD,NRS-v0.3,4,11198,530670737.3232895,697224.0525288587,24626.33252880836,0.01371798370047162,0.27853244308159947,0.4416830143392585,8.537974605548252,9,9
MD,NRS-v0.3,5,12287,6965639511.660308,5609371.928621182,96187.2230260612,0.002781905578334916,0.23964940166095092,0.4958112202553637,18.95958414173596,251,183
MD,NRS-v0.3,6,6492,1502093007.702547,1116461.453148447,59231.90346171864,0.015143254526137693,0.13628108209549547,0.34779574688985254,8.126253928654842,4,14
MD,NRS-v0.3,7,6171,608826585.8697245,437499.89683887165,20857.629443139744,0.039971234617241905,0.44546526011637616,0.6450736150556986,5.001798806668587,3,16
MD,NRS-v0.3,8,9515,1997197884.7809067,1041042.4919717592,75270.85925786423,0.023157626693681505,0.11220636082803077,0.4081995542524592,6.571325437039972,6,30
MD,enacted-congressional-session-118,1,16265,10154655965.432886,7735827.106019359,113687.12959917958,0.002132365113930536,0.25008793394733403,0.5536093422865336,21.65554986877997,283,217
MD,enacted-congressional-session-118,2,8261,2114663302.8194525,778415.8352147407,46514.61964764428,0.04385587380059451,0.3111088803965109,0.7129327010986982,4.775140074641345,5,9
MD,enacted-congressional-session-118,3,6877,1301203512.1623664,788615.0939398959,41183.787169091425,0.026292078519915968,0.24419838780525127,0.7094463780929677,6.16719299962411,6,13
MD,enacted-congressional-session-118,4,6626,565513094.7175983,238461.91961292154,25849.86930752622,0.12497250017067033,0.26938666238033293,0.6663102227011962,2.8287383011437264,1,14
MD,enacted-congressional-session-118,5,8234,3945411104.592197,2035267.7324832815,65470.53749977035,0.011969032109750189,0.29298850185742337,0.6739349005706612,9.140511175280674,21,50
MD,enacted-congressional-session-118,6,13948,6254891980.485449,1380641.9150481774,103811.31452630286,0.041235149165716224,0.1847483466573927,0.47219472681986235,4.9245461870875875,7,47
MD,enacted-congressional-session-118,7,12198,339478649.12205195,330633.15512570157,18602.02633462672,0.03902379723670415,0.3122784987810446,0.671041339789867,5.062152644728776,8,13
MD,enacted-congressional-session-118,8,7220,723591998.3410192,270489.4613166366,20230.790336254206,0.12428047993693855,0.5627534737404709,0.7833940643806572,2.836602877688023,1,22
ME,NRS-v0.3,1,25582,57642683408.88766,12359734.34887857,206680.16562986575,0.004741718646638622,0.4295331783374567,0.743909204441835,14.52218982845055,482,1011
ME,NRS-v0.3,2,17597,26004826077.421116,6273952.756436189,218382.9027727622,0.008301973243748545,0.173566862133254,0.647169271939167,10.975121462655293,99,498
ME,enacted-congressional-session-118,1,14148,9279630029.1739,4524108.226962434,108828.30057302103,0.005697371703193502,0.2494003703616142,0.43053232540919567,13.24837836762187,315,239
ME,enacted-congressional-session-118,2,29031,74367879457.13452,13109620.191875173,225235.22257472004,0.005437697485302835,0.4666195294148143,0.8131886956119102,13.561023812317064,263,1286
MI,NRS-v0.3,1,46937,71302556818.69757,13924555.806070022,313449.4098085197,0.004621173426196229,0.2310044349471836,0.4819529452206842,14.710379144524396,152,1192
MI,NRS-v0.3,2,32116,24926312475.90967,5913367.439856894,169902.37356591478,0.008957734119713397,0.27485856208904547,0.6767383656048117,10.565764248319606,231,429
MI,NRS-v0.3,3,17457,8527384794.012425,2939525.3031549063,92199.86822058237,0.012401417227830093,0.31930475604379077,0.7303341060267761,8.979751956549674,13,181
MI,NRS-v0.3,4,13384,5999566319.394591,2856061.5604593316,168411.28237386452,0.009242609280269317,0.06733294656030385,0.24956329242180297,10.401661175200067,13,107
MI,NRS-v0.3,5,19309,7792308867.564625,2906021.4575675144,141933.00770538358,0.011595203875141132,0.12312591582248517,0.5514273877029361,9.286686939668009,14,168
MI,NRS-v0.3,6,15222,5600206514.089215,2536622.8006656105,148966.139777619,0.010937098484054589,0.08033023584078264,0.40967297078099185,9.562004387016513,13,144
MI,NRS-v0.3,7,14123,5446779974.994018,3097622.4382398454,174946.36747722904,0.007133336855430112,0.056647415552547514,0.30554405018299147,11.840052646434081,13,163
MI,NRS-v0.3,8,10002,1098751285.6045554,935688.5975025,57494.19338394171,0.015770540790066526,0.10580386987658107,0.42495626678768517,7.962999839597793,10,46
MI,NRS-v0.3,9,13441,687666472.3480706,580414.6940621912,42585.08965421501,0.025651390794096687,0.1207015496860942,0.4343106610447441,6.243736138933438,4,30
MI,NRS-v0.3,10,16587,5616013557.746113,2330313.2987474087,159079.32810946568,0.012995990473566766,0.07064001435477724,0.4388664122460141,8.771933039598714,7,165
MI,NRS-v0.3,11,15657,4084776759.362687,2231593.5778971626,111934.93716795671,0.010307372816046647,0.1037736600053037,0.4141622897771058,9.849768143890579,12,148
MI,NRS-v0.3,12,18986,6350503325.567135,2497793.8022256093,129402.47130767073,0.012791010177589277,0.12071830644421976,0.4923519525683429,8.841940289616213,28,184
MI,NRS-v0.3,13,11177,1417880859.3293083,840007.0699101132,43614.871053647716,0.025251298813863943,0.23725789964551325,0.5669039188681232,6.293005906994064,4,24
MI,enacted-congressional-session-118,1,47010,71101049221.31976,13692852.704589562,313449.40980851965,0.004765385079648719,0.23035159512282521,0.4784303948680245,14.486084014683282,153,1197
MI,enacted-congressional-session-118,2,30695,25405016963.607193,5171995.444026087,126910.4671008512,0.011934743399265736,0.5020820919591971,0.7795415506905771,9.153632175922906,12,539
MI,enacted-congressional-session-118,3,11095,2111966138.2288566,776344.6872123413,44114.86518476349,0.04403394991547462,0.3454356573906051,0.7280421108465608,4.765474806789732,10,52
MI,enacted-congressional-session-118,4,17235,6251027537.839689,1510342.596861903,67748.52195401161,0.03443581244829885,0.4335127648095709,0.7503382634083008,5.388834341138051,12,179
MI,enacted-congressional-session-118,5,25442,13745326015.336185,3357618.059872709,150884.63801229847,0.015321536660350141,0.19218306781751235,0.7834044270206411,8.07883684827944,15,476
MI,enacted-congressional-session-118,6,11400,2572362166.5173388,787015.9603088105,45036.93616991717,0.0521885100327971,0.4036868146545028,0.7151572203937837,4.37736288195203,10,64
MI,enacted-congressional-session-118,7,16528,7231968290.201678,1588181.342155089,66979.7546436165,0.036030160600637955,0.5131207009933987,0.8895646394404679,5.268256370970697,4,165
MI,enacted-congressional-session-118,8,17335,5821361538.402245,1864915.5588715838,70452.01927924607,0.021033720163599487,0.3733256319723727,0.7562972791942445,6.895121989092325,43,139
MI,enacted-congressional-session-118,9,18944,12115921871.819746,2416520.269801761,89882.33020215899,0.026072666135845298,0.47737310291466023,0.8244544417278473,6.193088387143555,192,220
MI,enacted-congressional-session-118,10,9552,592248814.6679454,324156.07550789753,20318.59780382964,0.07082812296941991,0.4566325437012932,0.741386406129321,3.7574839457024027,4,18
MI,enacted-congressional-session-118,11,10907,843056086.6598865,418871.2454778973,23945.455394629236,0.06038168609516399,0.46801566949879964,0.7974280644526367,4.0695593068711755,3,63
MI,enacted-congressional-session-118,12,12365,495169084.68967515,140433.05629480808,16630.76019089623,0.31551839995851494,0.569874792401386,0.835114630330696,1.7802773011850808,3,6
MI,enacted-congressional-session-118,13,15890,564234295.3295442,210855.7838137266,27268.153786019913,0.15947709181501915,0.24154504780561858,0.6591972831619574,2.5040952609591405,10,10
MN,NRS-v0.3,1,49762,110355253614.148,16465799.357151492,299027.9858751112,0.0051149010806475995,0.3928434073247046,0.7486280927210274,13.982389003231885,49,1911
MN,NRS-v0.3,2,32802,34603583388.32589,6690060.971398158,174679.0889529741,0.009715625968861519,0.36098517419763637,0.7424854291980766,10.145293288274258,9,758
MN,NRS-v0.3,3,10656,1610960213.5017457,980218.1726392434,35035.34111047629,0.021069254981710184,0.41775556265118796,0.7050196285579589,6.889304975087117,10,80
MN,NRS-v0.3,4,9725,753261790.9277219,479902.6036734395,23730.667883324477,0.04110073516818417,0.42577106431993283,0.6738598533228677,4.932592121480397,3,45
MN,NRS-v0.3,5,11066,2959043608.294539,1913260.2886302068,121686.1620238376,0.010158114754451952,0.06360907870893075,0.3853071283248224,9.921867948761696,7,100
MN,NRS-v0.3,6,10455,1321685636.4034238,1088307.6360285962,61290.20622990257,0.014022798113618206,0.11199435482697317,0.3801061671409021,8.444669539367725,7,69
MN,NRS-v0.3,7,26217,22045796472.453724,4189649.0251110396,164871.12684447947,0.01578266622513259,0.2581586661760252,0.7447153383213161,7.959940363194574,7,311
MN,NRS-v0.3,8,39597,39057307320.39092,3959348.960809963,215106.27429032087,0.03130866878545694,0.26868676214937554,0.8334263747067439,5.651551622400756,7,349
MN,enacted-congressional-session-118,1,34940,31934169266.12021,3830262.7043608506,211144.69774076078,0.027353214015917025,0.22800553524854408,0.7658280274137125,6.04638529365879,10,316
MN,enacted-congressional-session-118,2,11689,4583366628.648896,1092642.6471429586,60403.51619073824,0.048243428854053944,0.3998621390456707,0.8296900730079104,4.5528245701882675,17,128
MN,enacted-congressional-session-118,3,9632,1262087086.2192743,691826.6851931241,27406.21561306085,0.03313634229269416,0.5348614656454493,0.6846336946458819,5.493482130032374,7,52
MN,enacted-congressional-session-118,4,10119,821837270.5827591,395167.8902875739,23101.844727558444,0.06613515870233802,0.4901653854970333,0.8512237172307342,3.8885151914830938,5,53
MN,enacted-congressional-session-118,5,10538,346043884.6384955,182260.67273705243,15089.91314273565,0.13090465933419412,0.4837353505253904,0.8356697026798559,2.7639007745692434,1,15
MN,enacted-congressional-session-118,6,14539,6585390013.5710745,2006729.7776781856,71127.97903288643,0.020550082721835297,0.414334111538879,0.6251244555335285,6.975787024022005,8,230
MN,enacted-congressional-session-118,7,60326,81622234549.6407,9218490.1953695,299665.2455704669,0.012069763153291247,0.28932492720257674,0.6899222649643951,9.102289118862975,19,1049
MN,enacted-congressional-session-118,8,38497,85551763345.0245,15140947.77378774,266914.6867276455,0.004689566584807481,0.382238255680335,0.6393261447192944,14.602716261345277,50,1796
MO,NRS-v0.3,1,55481,47814147299.84708,7730533.757057371,214299.6536958658,0.010054195305342252,0.3314084701771809,0.8120586825598322,9.97301199465985,10,530
MO,NRS-v0.3,2,18697,4245047241.1791463,1232031.5457481775,59822.91023327945,0.035143801382984154,0.3775700886556886,0.6402924686758922,5.334277834826113,3,62
MO,NRS-v0.3,3,20071,8366207207.103056,2233283.659681282,121708.85866673291,0.02107903398216117,0.17977709742563164,0.5761734864315972,6.8877067440682564,5,95
MO,NRS-v0.3,4,16842,5278352600.742837,2793227.538095367,189681.9459074345,0.008501501430085674,0.046697812055251975,0.26821722858005376,10.845565059247564,9,65
MO,NRS-v0.3,5,15505,6184305803.19288,3467715.160675856,182458.82657326167,0.0064626998495493325,0.05913046970409016,0.16573425963377025,12.439215934673559,9,103
MO,NRS-v0.3,6,29688,28069295936.644398,4284157.5220017275,177543.4939011998,0.01921810322509936,0.28344716808382076,0.7565295436953775,7.2134784571395345,4,365
MO,NRS-v0.3,7,42480,30076064538.046036,7259109.744338118,143531.6071507867,0.0071723941511760685,0.46470360315650844,0.7419419279861447,11.807771116494006,14,555
MO,NRS-v0.3,8,46638,49112189959.289604,10504194.283732653,245209.07404739247,0.005593371595240046,0.259995812188925,0.5680202305204737,13.370977675413165,25,620
MO,enacted-congressional-session-118,1,15907,651455063.4282151,209176.2009483034,20232.598575543725,0.18709827603056148,0.5065604293506947,0.7542687385905109,2.311879037341726,1,5
MO,enacted-congressional-session-118,2,13480,4668814412.9703455,913787.6871108884,55483.929077581364,0.07026286773479386,0.4827500443790221,0.7930997326280839,3.7725678935770093,4,50
MO,enacted-congressional-session-118,3,25054,19777428004.303886,3560361.423386037,130376.20323306858,0.01960611305804917,0.37035932208201516,0.6321198856232053,7.141743507932547,6,273
MO,enacted-congressional-session-118,4,42914,37517331355.5531,8108890.866422519,151310.4261584239,0.007169995647519915,0.5216081366873438,0.7756284335500055,11.809745916445195,21,659
MO,enacted-congressional-session-118,5,15185,1097971844.5262234,383225.2963361134,31148.69476837388,0.09394912295100438,0.3602148599634912,0.8310220192294788,3.262523397335343,3,18
MO,enacted-congressional-session-118,6,60642,52752142154.56477,7531621.391987513,235590.06021443816,0.011686191629369498,0.30253547094596916,0.8132009202464918,9.250463592642596,17,591
MO,enacted-congressional-session-118,7,30192,15013798173.487474,2635708.503382447,95395.77943882787,0.027158493900377067,0.5251488021169931,0.8938692555590745,6.068022171646675,10,197
MO,enacted-congressional-session-118,8,42028,47666669577.2128,6786225.42772173,169897.62426971112,0.01300672952045153,0.5256423212577623,0.728144470700959,8.768311004841598,14,655
MS,NRS-v0.3,1,24354,28074516169.58521,4658340.061007063,242107.76918551838,0.01625772474518316,0.15245615257600012,0.33955248654482406,7.842781519662738,17,106
MS,NRS-v0.3,2,34443,44136545066.56563,6620038.402325173,209094.58418553128,0.01265572941466921,0.32133859706168133,0.7901174119192036,8.889071706387012,19,294
MS,NRS-v0.3,3,26807,29787468861.559467,3490514.331529785,151578.69130099073,0.030723070285248195,0.4126742991530826,0.6897993127954123,5.705158215785206,5,74
MS,NRS-v0.3,4,23747,20491817727.175026,4265497.9865051415,168111.03845245237,0.014153076876154016,0.2308012463690875,0.577203616130502,8.405713184974347,29,195
MS,enacted-congressional-session-118,1,24604,25936753758.23648,2455896.827335462,131934.34642942736,0.054038744055299605,0.47429659425488274,0.8165104230027195,4.301771882794594,11,104
MS,enacted-congressional-session-118,2,34220,47124157841.546394,6819230.953645487,225319.11556931908,0.012734522563687222,0.2954592925209461,0.7266791296221742,8.861529067179658,25,299
MS,enacted-congressional-session-118,3,27610,30491767962.32418,2151800.1872656336,167831.59372151113,0.08275392249346807,0.3445762150423214,0.6896580042552798,3.4762076090975365,2,85
MS,enacted-congressional-session-118,4,22917,18937668262.77843,3668302.712673109,108681.14811828786,0.017685039521493227,0.5103500909622496,0.8539415323008595,7.519638844343466,22,190
MT,NRS-v0.3,1,36637,109532865672.64662,7996223.027488902,315204.6777121452,0.02152704985327127,0.3509209283757612,0.8012516790240624,6.815657241759277,19,534
MT,NRS-v0.3,2,48947,269926531243.05283,8289275.608922849,428754.0139288648,0.04936535658122216,0.4673898784385019,0.9418499918457403,4.50079114935827,10,478
MT,enacted-congressional-session-118,1,35945,104833143016.60577,7857839.550745503,315204.6777121452,0.02133546719245983,0.33586397695356984,0.7002664368974331,6.846189583529435,31,546
MT,enacted-congressional-session-118,2,49639,274626253899.0968,7312388.276297086,387831.744854667,0.06454066405074922,0.5811730564213822,0.9425641683349111,3.9362555433566166,10,455
NC,NRS-v0.3,1,22278,24241273827.60387,5309368.690261133,169939.12185880612,0.010806362515890318,0.2671891541747492,0.7014965314329349,9.619671324458146,15,123
NC,NRS-v0.3,2,12840,5167240423.990382,1682835.2618691314,107222.36578150178,0.0229290111742019,0.14306652404774636,0.6193747259214367,6.6040041426851355,6,46
NC,NRS-v0.3,3,15678,7717350652.3735485,2849593.869215247,130288.96511810545,0.011942965072542125,0.14471151558664422,0.569833271628981,9.150480901126757,13,121
NC,NRS-v0.3,4,10228,2131412035.4577627,1265025.3787819413,37360.521188724124,0.01673704566616078,0.48606202160036704,0.6464214639290673,7.729663705163004,5,55
NC,NRS-v0.3,5,13603,2878799199.6608043,1385229.9204343664,72392.07219247073,0.018852871618937023,0.17485557512192018,0.5509773698509323,7.283015679194434,6,58
NC,NRS-v0.3,6,19609,14078659141.543379,4800729.1695100935,216920.38576447987,0.007676384962679969,0.09523809184571831,0.4053232311741755,11.41357316088142,10,129
NC,NRS-v0.3,7,18539,8363526365.767217,3183803.9647690556,107368.55217187852,0.010368278541501658,0.23093266317046193,0.6137605612773963,9.820795597074893,11,117
NC,NRS-v0.3,8,12733,5734138639.7655,1730765.070857138,84159.26468357578,0.024054803256099204,0.25770001971806805,0.5116686499795495,6.447614976831716,7,50
NC,NRS-v0.3,9,21617,18791103852.795746,6984419.872303699,160716.95875244838,0.00484062543111728,0.23156824740213247,0.45552654098121276,14.37306074156568,41,298
NC,NRS-v0.3,10,18323,10165574741.53798,3468499.3125795224,167165.86873204957,0.010618387651208016,0.11579421047038456,0.43491344748335536,9.704445197374552,15,112
NC,NRS-v0.3,11,10859,2560896027.515323,1527201.701046032,73188.24416719707,0.013797773525924423,0.15218064385126928,0.29910633816428867,8.513252093807502,8,17
NC,NRS-v0.3,12,23276,12206548831.534313,2737850.291432476,153544.60649988786,0.020463662443539116,0.16480633009337342,0.730523159121721,6.990501260128977,7,102
NC,NRS-v0.3,13,20469,11914997390.620865,2886210.1960911867,153678.42017635578,0.017974130992265493,0.1605899283270616,0.4995656148353602,7.458921710565782,8,130
NC,NRS-v0.3,14,9573,2163527321.5355525,564793.4706824565,51818.315924429546,0.08523008335389039,0.25647552194156187,0.7141324681872969,3.4253388743311404,1,28
NC,enacted-congressional-session-118,1,22128,20540159715.693768,3074416.8542796522,119953.93088681987,0.02730789194084953,0.45438603442517705,0.8385134707184468,6.051400714132221,9,94
NC,enacted-congressional-session-118,2,9301,1284312804.444929,461407.1129912432,31595.572379886093,0.07580748801501762,0.4095137468009126,0.7724902397374116,3.631984170429163,3,27
NC,enacted-congressional-session-118,3,20744,21208233409.132114,7727830.1578559615,154981.36806104955,0.004462715705372322,0.28105779925477153,0.4755565093165639,14.96926198853356,38,338
NC,enacted-congressional-session-118,4,12624,5337321258.638997,1598568.8948735066,62258.59234621434,0.026246445242615674,0.4383034379887123,0.8387910380492349,6.172551954055662,5,82
NC,enacted-congressional-session-118,5,18638,11773812888.220858,2684765.0395348566,109494.0880561964,0.020526477422285434,0.312597798607089,0.7376300341463943,6.979796923652352,11,156
NC,enacted-congressional-session-118,6,14262,4487170437.22113,951245.1522211881,53215.649407444675,0.0623157055788179,0.5043638606306647,0.7866083856999303,4.005910495951682,8,53
NC,enacted-congressional-session-118,7,20909,13498447155.860342,2604845.33625444,89187.05074219365,0.02499941181468921,0.5401698404501032,0.7697370443642938,6.324629721860351,11,131
NC,enacted-congressional-session-118,8,18893,9623509456.675245,1650302.500107597,78312.60801795995,0.04440340006255321,0.4994824461871291,0.7918407497030295,4.745608277680225,1,81
NC,enacted-congressional-session-118,9,17829,9452841913.03573,1665421.940855599,80140.47412326328,0.0428275957907651,0.46849904215911675,0.7843390780773368,4.832124912274858,7,161
NC,enacted-congressional-session-118,10,19381,7676595285.186637,2241072.72239736,74974.93618105941,0.01920731283360211,0.4346969196738939,0.780852624494222,7.215504386756331,5,108
NC,enacted-congressional-session-118,11,23443,16053997854.409508,2404132.7126879133,120163.96368641828,0.034904079477212496,0.35390348324436716,0.8751133853619296,5.352564452990425,7,126
NC,enacted-congressional-session-118,12,9285,1163084306.145085,374302.73010330717,25475.13101558196,0.10432179957223459,0.5704642991993255,0.8206535252887348,3.0960820744950825,4,17
NC,enacted-congressional-session-118,13,12706,4766006490.704577,824234.8197698052,52139.28363578291,0.08815817251154483,0.5580519588889177,0.8245973077087381,3.3679738480143033,6,29
NC,enacted-congressional-session-118,14,9482,1249555476.3329303,520493.86042701744,30218.319550004413,0.05796077502902083,0.4355771115722659,0.7042658295523031,4.153678781356936,2,16
ND,NRS-v0.3,1,82443,181338387858.9532,9514214.142447328,330657.0701569763,0.02517408940127021,0.5279396147438482,0.9725321834001046,6.302648903444548,12,926
ND,enacted-congressional-session-118,0,82443,181338387858.9532,9514214.142447328,330657.0701569763,0.02517408940127021,0.5279396147438482,0.9725321834001046,6.302648903444548,12,926
NE,NRS-v0.3,1,25417,18617423610.064507,2925300.849744118,140050.34506243933,0.02733936164924765,0.3021352112272794,0.5066921986966946,6.047916897438741,9,127
NE,NRS-v0.3,2,66651,164499107986.55338,4485174.267871249,399100.2483431088,0.10275779288349565,0.3287378258287819,0.7684458409859968,3.119554779206604,3,100
NE,NRS-v0.3,3,26155,16994682065.910305,2391834.1619490073,160989.95909365165,0.037330239760769414,0.20872073311539055,0.5144965940782338,5.175706138204433,8,58
NE,enacted-congressional-session-118,1,25786,15638283565.748226,1641913.9735963768,110506.44838063716,0.07289506875611598,0.40762796319279015,0.6989247173209744,3.703828976631477,8,84
NE,enacted-congressional-session-118,2,14670,3201497295.655603,816304.622733384,46201.840555687086,0.060375187360705206,0.4774025260022547,0.8722240429742093,4.069778322950555,12,77
NE,enacted-congressional-session-118,3,77767,181271432801.12482,3464543.4113497925,399100.2483431088,0.18977859039886047,0.36225592608551427,0.8456317169973928,2.2954952145801792,4,128
NH,NRS-v0.3,1,18242,17929336381.678226,4226124.246238758,139748.62145093078,0.012615066882336054,0.29222628542740553,0.7168405963135787,8.903386389280179,35,422
NH,NRS-v0.3,2,12256,5728257035.015711,1562963.5866227099,69714.50158598486,0.02946691300766676,0.37516850344688657,0.6810162625140662,5.825492929878016,5,146
NH,enacted-congressional-session-118,1,12535,5804363873.300732,2141050.2862672117,86140.42020181668,0.01591148666789633,0.24899509145283752,0.5544268724836974,7.927652779381723,28,199
NH,enacted-congressional-session-118,2,17963,17853229543.393223,3354528.3203838966,153848.51446733376,0.01993717988815291,0.24009344429052298,0.7295596224594381,7.082199173261885,18,343
NJ,NRS-v0.3,1,15787,4509072476.852536,2751364.465947413,114923.48198510741,0.007485155585590139,0.10867253339316219,0.2745310217115425,11.558449610422233,19,310
NJ,NRS-v0.3,2,13301,1863296521.255752,1432222.3859477444,48087.8898830396,0.011414868744185475,0.2564842252516424,0.5040449904415977,9.359756252982413,6,177
NJ,NRS-v0.3,3,18102,4863160370.418385,2771369.908689646,55260.92097474009,0.007956818673805224,0.5069118940687467,0.7638161415844139,11.210636459873118,12,308
NJ,NRS-v0.3,4,10765,961722047.9813892,844358.8674653228,32502.696553923233,0.016951389352551176,0.2897749992162015,0.6078160487981826,7.680638950713057,4,123
NJ,NRS-v0.3,5,9836,863861083.6841465,918826.61221462,38960.943926750864,0.012858391459360883,0.181148647853515,0.39781779516800175,8.81874283776063,9,72
NJ,NRS-v0.3,6,5750,195400933.3198487,362845.20291681885,18291.750651954153,0.018650639440751293,0.1858943610182426,0.404704919946385,7.322394731300229,4,11
NJ,NRS-v0.3,7,5929,205879936.00883526,292740.01354389975,16118.981695627495,0.03018976353943767,0.2522254744688562,0.5475517906696394,5.755328859763622,10,6
NJ,NRS-v0.3,8,7974,488067218.9238334,483102.40308077604,25282.82694257805,0.02627913752340859,0.2430404174884523,0.6445547085739555,6.168711310489122,3,45
NJ,NRS-v0.3,9,9192,671942365.2044839,565657.6008718325,28898.569218471435,0.026389710947400814,0.25611172937831184,0.5308034555106937,6.155774231869328,6,22
NJ,NRS-v0.3,10,10998,1777291501.3204541,1438458.5062816862,49572.800880999726,0.010793787174904031,0.23020877650400068,0.4580864363112778,9.62527340977391,15,115
NJ,NRS-v0.3,11,11467,1591889095.7938437,841437.191879568,37348.896361202314,0.02825395594870284,0.36325147699706034,0.6393037951661064,5.949224642049301,3,110
NJ,NRS-v0.3,12,13906,1592612937.707035,1408892.1603329522,39806.50610306101,0.010082415673395224,0.31992799627947577,0.7574731662900042,9.95904513933454,12,108
NJ,enacted-congressional-session-118,1,12552,963173684.218318,446066.8254321648,24834.88785444165,0.060829552499098556,0.4970846235251493,0.7908251896607768,4.054550268922862,5,88
NJ,enacted-congressional-session-118,2,19929,5504629471.972196,3959702.597693293,70705.88901359258,0.004411769541831586,0.35048306968994836,0.6206202747518341,15.055444802682318,18,483
NJ,enacted-congressional-session-118,3,12978,2831499120.539454,1144851.1067796196,52390.465077601126,0.027147402275317232,0.3283689247505408,0.6109175110404357,6.0692616521847285,3,244
NJ,enacted-congressional-session-118,4,13220,1712477966.3962543,966511.3165257216,37072.94158554931,0.02303673728644168,0.39660759431271314,0.7851764968651223,6.588544979867388,16,95
NJ,enacted-congressional-session-118,5,11527,1716603106.1139321,644057.7212574766,43903.901659186246,0.05200321283449607,0.2834743626422284,0.6711084570768929,4.385154629626958,4,112
NJ,enacted-congressional-session-118,6,10763,509795957.32768947,548835.3803877755,29519.076354223333,0.02126777469568183,0.186226287602158,0.40201141734256746,6.857076182977052,8,30
NJ,enacted-congressional-session-118,7,13327,3532096733.872015,1210989.5368765162,49852.62963138853,0.030266463012438214,0.4523833095942094,0.6776478665671297,5.748031827614866,10,122
NJ,enacted-congressional-session-118,8,4444,136191129.3490332,243682.36798599968,13310.674196821585,0.028821094718780794,0.24468020839363055,0.46259737807936446,5.89039967690244,10,9
NJ,enacted-congressional-session-118,9,7550,290170840.9921694,330761.2035361339,18867.958454741747,0.03332993797071146,0.2594502378260677,0.5452603934102535,5.47750455386945,5,26
NJ,enacted-congressional-session-118,10,6702,201419980.87959337,179247.82509057946,13730.301548352758,0.07877794084849862,0.3400889543653034,0.5536913625348252,3.5628512238626673,2,13
NJ,enacted-congressional-session-118,11,10329,1042543375.3733512,749512.6544686492,23802.081323503367,0.023320940323041814,0.5857528237801899,0.7772627708417569,6.54827592771159,6,105
NJ,enacted-congressional-session-118,12,9686,1143595121.4365253,617804.8629050116,29665.365937085,0.03765125988857324,0.41364044950859974,0.6512105676797922,5.153594493202521,2,77
NM,NRS-v0.3,1,40006,104642580288.88982,4308429.012014642,295583.7558899334,0.07084030472519287,0.38123910449435644,0.8490546587944399,3.757160861831759,4,206
NM,NRS-v0.3,2,22731,45367107529.03736,3996231.6539681326,261975.99230975864,0.03569847334879578,0.21041089808469174,0.5312335212605903,5.292674407674596,2,89
NM,NRS-v0.3,3,43110,164622176664.18225,4599274.431540787,329032.7198416528,0.09779565407783432,0.48401663960482166,0.8305283243786887,3.1977184459833237,2,215
NM,enacted-congressional-session-118,1,21002,45529315715.98378,1817198.3335528453,172725.93854450452,0.17325920902108435,0.48576489700091763,0.7653346364638272,2.4024360511989555,3,71
NM,enacted-congressional-session-118,2,35750,133417006925.73764,3779875.1539384015,332096.45937476354,0.11734542064312702,0.3850639219953419,0.7527307800423616,2.9192206800261165,1,213
NM,enacted-congressional-session-118,3,49095,135685541840.38802,4524390.119472779,361267.3673423863,0.08329584662024335,0.33092245080783683,0.6667339227630313,3.4648810248053414,4,225
NV,NRS-v0.3,1,28756,200043771344.4967,3980616.8902930873,347908.67171127436,0.15864782945627723,0.5260713531945771,0.916179578609286,2.5106312641656063,2,146
NV,NRS-v0.3,2,14181,83385145287.62009,3301288.7509306544,314704.7815988074,0.09614606838546444,0.2679983584617737,0.7692028406839633,3.225033536489324,5,33
NV,NRS-v0.3,3,7309,1161419170.749126,413533.350038268,37349.04676036521,0.0853449395407635,0.26502086894886445,0.5930376381259037,3.423033208532199,1,0
NV,NRS-v0.3,4,6814,834364785.5086515,289834.8824888008,22328.10317952162,0.1248143514828196,0.532724208582459,0.6884172546983363,2.83052984043924,1,0
NV,enacted-congressional-session-118,1,7645,2636228426.0971694,281221.67974442424,39940.00455647194,0.41888548025083755,0.5260377915414451,0.8869794084245923,1.5450848943211482,1,0
NV,enacted-congressional-session-118,2,27147,168947783976.18185,2991247.7956455527,311838.9079870586,0.23727805872402866,0.5530215117797302,0.8800973445145621,2.052916142744158,2,134
NV,enacted-congressional-session-118,3,7114,5241174304.579623,521302.14806778176,83141.84320537085,0.24235915980775238,0.24134562682745508,0.7145719724869097,2.0312822843664082,5,1
NV,enacted-congressional-session-118,4,15154,108599513881.51547,2013599.167235314,280492.0763397366,0.33658262984693904,0.43937648876735996,0.9268933066197736,1.72367010865822,1,42
NY,NRS-v0.3,1,15604,12775261294.73146,3413258.14170338,119998.34030825915,0.01377975150830187,0.2824030872509317,0.5792584217583987,8.518817355522534,16,223
NY,NRS-v0.3,2,31254,34076909810.03104,7190909.324088911,166796.12934316127,0.008281374867615538,0.38988667766846824,0.6679056945186626,10.988762269985989,48,553
NY,NRS-v0.3,3,20288,9153139010.428358,3118682.7281770064,165926.1406878306,0.011825990668723592,0.10582555663636856,0.45362083187846125,9.195624612364037,16,116
NY,NRS-v0.3,4,12020,4784225138.194566,1602446.0988535474,89816.6847746455,0.023412867771756156,0.1887763976919026,0.4292979047060468,6.535407825584896,5,24
NY,NRS-v0.3,5,12249,2784098295.822285,863879.0143744934,62514.55468327272,0.046880105491437694,0.22676311180074907,0.6055196712446841,4.61855064067733,5,18
NY,NRS-v0.3,6,17616,7242351795.426159,2213373.5856338562,88713.60906759312,0.01857719052599396,0.29292015056433474,0.5841646286444339,7.3368557822146006,8,89
NY,NRS-v0.3,7,28298,21294333424.203922,3545917.997824202,131751.97354320655,0.021282200873270023,0.39048101052696965,0.7621797506382633,6.85475174838178,9,195
NY,NRS-v0.3,8,30192,19702162894.561344,2521225.454288446,145617.46746266168,0.03894936693363026,0.2957583981676329,0.7905807528578137,5.066987097201185,4,116
NY,NRS-v0.3,9,14895,5833973459.431085,1822584.1996576344,71991.56713036782,0.022069836263365117,0.35830372347750694,0.6049829693075524,6.731323215748029,5,152
NY,NRS-v0.3,10,10189,1983706184.4781399,962119.4184391128,41422.882301765174,0.02692955960112058,0.36799917489010303,0.7315434841403969,6.09376040274638,4,94
NY,NRS-v0.3,11,3276,64469077.22868281,208456.9200248914,9684.71446567496,0.01864355312475412,0.2187902373630036,0.3971492904850332,7.323786200856669,10,3
NY,NRS-v0.3,12,6204,274867898.857709,390336.3398095134,20032.944900996972,0.022670229454087327,0.21801408718763557,0.34462633067063125,6.641589693555383,7,9
NY,NRS-v0.3,13,2974,46291417.48589247,69462.30873727075,5613.825542183147,0.12056240854734686,0.467555082650292,0.68097425444761,2.880010308359981,1,0
NY,NRS-v0.3,14,2332,45324407.0502245,101219.74105956196,7999.41584032836,0.055591904333975914,0.22545803169382966,0.5315030874906311,4.241253434562535,2,0
NY,NRS-v0.3,15,1784,29741652.40167459,104890.43469683589,11603.24905412528,0.033970597615828754,0.07031629713769731,0.2899268669108425,5.4256079206412355,5,1
NY,NRS-v0.3,16,2644,40569879.84022484,123559.27751750189,6977.263731166817,0.033393571111025686,0.2652672106191331,0.43949839631447574,5.472283234197055,8,2
NY,NRS-v0.3,17,1630,26270562.58526062,52211.844578585,5614.203337968607,0.12109916935300773,0.265303649701082,0.7892772891055837,2.8736205310510194,1,0
NY,NRS-v0.3,18,5598,168101761.59646663,161281.4958212655,13682.58460547407,0.08121066059904962,0.28581571727641963,0.6647244361224985,3.509081688829062,4,8
NY,NRS-v0.3,19,2386,43545837.39351363,118540.85692465623,7575.298257240364,0.03894219128745062,0.24154458199697487,0.4522993292222099,5.067453907499331,1,1
NY,NRS-v0.3,20,4031,157132031.60654488,426134.8892952731,17154.722680365663,0.010873776535450934,0.16996028454122097,0.4169740280044325,9.589805483365238,22,9
NY,NRS-v0.3,21,6474,194935949.11044425,313081.2080500432,15467.905280145917,0.024991239648592248,0.2593457027592687,0.4505047401019773,6.325663718185985,22,6
NY,NRS-v0.3,22,12466,1840501014.7896013,1603694.7871968045,79575.9199259045,0.00899295644840732,0.0925172792834741,0.31955835866477217,10.545052709485645,17,65
NY,NRS-v0.3,23,8324,419070681.0117257,460290.397267841,34866.61000090109,0.02485611861084822,0.10972812474070918,0.38881697622585415,6.342833973130061,1,2
NY,NRS-v0.3,24,5810,101872436.05441749,138978.86735269704,11149.210188534671,0.06627794275349842,0.2608666810478403,0.5758357457456946,3.884324375646758,4,2
NY,NRS-v0.3,25,10371,287671003.8146111,306291.78358283325,23107.38613433533,0.03853321619958407,0.1714922793861552,0.5621538764649643,5.094274823887226,2,4
NY,NRS-v0.3,26,12250,683948747.933268,886857.9892269035,43132.91020646876,0.01092761177556371,0.11701894102624144,0.5346871265761922,9.566154070905373,5,51
NY,enacted-congressional-session-118,1,12433,1691349824.1778255,1271805.6658412504,70117.90029964795,0.013140194564620209,0.1095029362913101,0.3807286134919078,8.723667457524767,16,50
NY,enacted-congressional-session-118,2,12102,850096359.0106987,692218.5010981433,37312.271543921684,0.022294185731304116,0.1943635866514693,0.6905425956757308,6.697368459634389,3,34
NY,enacted-congressional-session-118,3,10763,457151341.7519132,226733.15598079344,18343.525421172544,0.11174800960564354,0.432458576308948,0.7126438827631615,2.9914386585548436,1,7
NY,enacted-congressional-session-118,4,10113,330846041.5174451,300387.6803054659,13277.965048426719,0.04607566081397921,0.5973282130531654,0.8535067385053232,4.658694304438747,3,39
NY,enacted-congressional-session-118,5,5424,122749086.64954954,193060.2484655082,13411.410583786612,0.04138494780166877,0.21722983871887322,0.5289583259928541,4.915625563829118,12,2
NY,enacted-congressional-session-118,6,3735,66714054.277886145,67396.00403410998,7624.328791173843,0.1845690610035842,0.3653122437487974,0.741935332167141,2.327665387341335,1,2
NY,enacted-congressional-session-118,7,3418,56865259.49561359,81463.22819323692,6750.589192365743,0.10767965540384922,0.3972041643795781,0.6806278699990057,3.0474260205976718,1,3
NY,enacted-congressional-session-118,8,3016,69798172.74463242,143214.40354643893,8579.796055296907,0.04276421655726168,0.30181460472822014,0.4584722868666706,4.835704341632287,10,1
NY,enacted-congressional-session-118,9,2347,39271915.516883224,35119.709038096815,5006.1284150728725,0.4001198805549328,0.4988020625547595,0.8309585762616064,1.5809019485776767,1,0
NY,enacted-congressional-session-118,10,2704,40605485.80471343,91595.19364110974,6701.535189312575,0.06082039054179622,0.28779698062997305,0.5797164757403256,4.054855645271512,5,2
NY,enacted-congressional-session-118,11,5529,167481177.98222002,145383.69245485798,13051.62296139121,0.0995736624004463,0.3129587479105079,0.7044544891063717,3.1690402808972493,3,8
NY,enacted-congressional-session-118,12,1552,25351335.775989126,45758.74572375329,4583.92706545894,0.15214668285646782,0.3840392181208693,0.7618843967739363,2.563709164743049,5,0
NY,enacted-congressional-session-118,13,1593,28555653.57107063,56311.515976418974,6145.031187416643,0.11316380198668478,0.24070995359242764,0.5571117219600507,2.9726668148716695,3,1
NY,enacted-congressional-session-118,14,3328,76925953.30149834,169489.5627094387,9266.76327064446,0.033650911510874924,0.2851457329171576,0.5371882216620779,5.45131883587118,23,4
NY,enacted-congressional-session-118,15,2586,48574843.47366021,51394.79304789001,6651.862074476017,0.2310909993031946,0.34944197069609373,0.6831747389823551,2.0802162503587662,1,0
NY,enacted-congressional-session-118,16,7836,325813695.6787267,174208.10480146678,12424.23697468396,0.1349094860620565,0.6718618951774545,0.873294454565579,2.722568127843115,9,14
NY,enacted-congressional-session-118,17,10227,2186633754.8835793,871744.3504437145,40093.877980049205,0.036158268802190044,0.4329822038514654,0.7745296547432791,5.258915413439829,4,99
NY,enacted-congressional-session-118,18,13944,5198973506.524261,1228119.205323757,63232.322384063016,0.04331580824944884,0.4138943195845171,0.7530919496489286,4.804816306354612,3,113
NY,enacted-congressional-session-118,19,27939,20442302036.057102,3144468.141923106,137146.86017865254,0.025980366102959358,0.34594590109475076,0.7089802880690381,6.204079676894005,8,219
NY,enacted-congressional-session-118,20,14115,4085610191.700122,954761.0466314245,57641.11523932796,0.0563219144356239,0.3914193628175787,0.7737043358786065,4.2136775251093,8,84
NY,enacted-congressional-session-118,21,34389,43650654029.378624,6955659.060579796,156625.21770945264,0.01133767611861479,0.5663925173164494,0.8072097226107142,9.391565176072435,32,704
NY,enacted-congressional-session-118,22,17852,7001895796.403307,1146461.6621547737,69139.63165835528,0.06694319473241547,0.46624227317999717,0.8166797713674777,3.8649758340597598,11,76
NY,enacted-congressional-session-118,23,26722,16600043653.537529,1661501.5698686428,133266.64026463602,0.07556445984161206,0.29752020142721,0.7268516935667622,3.637820021778734,2,100
NY,enacted-congressional-session-118,24,27110,17137342471.35686,3059365.1731872605,143049.5937479821,0.023008626949756954,0.2665755693754099,0.4957109382078304,6.592568463853808,29,170
NY,enacted-congressional-session-118,25,10317,2194562336.3857603,766376.2202043462,48055.95238554426,0.046954124186532,0.30248488041475047,0.7550570913579272,4.614908852752106,2,47
NY,enacted-congressional-session-118,26,10065,1158307689.109844,367151.60688623774,28828.534487316425,0.10797990392779114,0.44363820134495857,0.8372521564938271,3.0431862404712895,5,15
OH,NRS-v0.3,1,22544,9620656707.511614,2324156.8920442956,162763.93450723472,0.022381217031849088,0.11559485013553272,0.34819697737446575,6.6843341274004135,7,57
OH,NRS-v0.3,2,28249,14123078760.060442,2165546.72960291,92702.83283037737,0.037844617989429646,0.5231105720017812,0.7939369254401708,5.140412099110539,3,149
OH,NRS-v0.3,3,15795,5127126281.164813,1422314.6710328038,70733.57462193798,0.03184875784145936,0.326191717085739,0.7109473288142167,5.603427415456531,5,63
OH,NRS-v0.3,4,11270,2868181731.7076426,999386.8928522973,46736.71654911651,0.03608687130237171,0.41796546245619226,0.6894079497245369,5.264115197525619,7,15
OH,NRS-v0.3,5,15535,7154142436.898734,3509892.392234093,220281.8609467753,0.0072975964365050855,0.046929965653931885,0.14821274396597803,11.706042016300795,20,43
OH,NRS-v0.3,6,33335,21607060766.26878,5156580.331665397,189541.77146727737,0.01021132224641253,0.1914414390293347,0.5330743336338081,9.895984562127031,10,309
OH,NRS-v0.3,7,13283,4531465963.048118,1946872.9899624404,116870.1221658593,0.015023576970664147,0.10560436111884933,0.4874847907290896,8.158556525218193,16,47
OH,NRS-v0.3,8,10565,954134598.5422561,802507.778179161,48500.395766801135,0.018617484783534782,0.12911277240367056,0.32467665014462244,7.328911817316976,2,19
OH,NRS-v0.3,9,9635,4345516442.206625,1260366.1584701838,66900.68743087909,0.03437619421470728,0.3090511501221256,0.6238075832368635,5.393505213199624,3,49
OH,NRS-v0.3,10,19778,7917524857.557465,2455629.3203748595,91398.94919689602,0.016499610004736393,0.30168738970510445,0.6388948832427671,7.785081446549527,23,75
OH,NRS-v0.3,11,16408,2814187439.5604796,1207006.7474927728,51736.445466169476,0.02427411966165423,0.3346647516090968,0.6962080310610953,6.418421821868915,3,103
OH,NRS-v0.3,12,24088,8083195158.623937,1655835.3605944116,131019.73225456825,0.037047475789413246,0.14988555367688974,0.6446915490412882,5.1954203192544215,1,68
OH,NRS-v0.3,13,14489,5027026621.240235,2086744.2551091574,91399.21600173008,0.014507166517174479,0.191547448531289,0.5216321957121325,8.302496515242009,5,123
OH,NRS-v0.3,14,18492,5440906583.142538,1810062.3377425477,87636.49314679648,0.020868636259417848,0.22550252836836823,0.6396090378805814,6.922340619730413,7,75
OH,NRS-v0.3,15,16827,6682280166.4319725,1810005.9785969981,71313.5186708607,0.025631529681183998,0.4182453070869609,0.7335673928024644,6.246154713572827,8,106
OH,enacted-congressional-session-118,1,9839,1567697955.9989302,490903.9420624003,40043.665900112945,0.08174839165086786,0.31120377820091893,0.6034642281838791,3.4975214891935877,5,13
OH,enacted-congressional-session-118,2,25022,19171106686.110786,3691967.0129754227,110972.61779352097,0.01767426750913125,0.49552509036208764,0.7678929407433269,7.521930008721317,6,226
OH,enacted-congressional-session-118,3,10386,569282289.4469032,258775.41127780004,16295.266309051498,0.10682958025802934,0.682424916777717,0.9307182852493954,3.0595266395736926,1,48
OH,enacted-congressional-session-118,4,25283,12692903545.982315,2319613.2491523405,103739.43840220849,0.029644196439701707,0.37542511455743605,0.7298942936784084,5.808047490014648,2,194
OH,enacted-congressional-session-118,5,27219,14361581967.535128,2095962.8564883145,134856.40330609083,0.041081375956975294,0.2513675795729199,0.6197405618930717,4.9337542033641375,4,116
OH,enacted-congressional-session-118,6,29207,12443674436.810505,2684305.5313137583,118845.77494250608,0.021701742774263035,0.28043439205498305,0.7438127106896549,6.788169752145305,6,229
OH,enacted-congressional-session-118,7,10654,3430032104.706388,577259.8988064886,58210.51380218795,0.1293496539640253,0.32221477210993005,0.6652365481748054,2.780464563106248,6,25
OH,enacted-congressional-session-118,8,12728,4657557742.459302,950689.5875979902,71729.64881982666,0.06475758393843309,0.28814491905459794,0.7796994190128472,3.9296573327668867,5,27
OH,enacted-congressional-session-118,9,21071,6746500885.92206,1644819.0817418194,104679.23981328511,0.03133662167732142,0.1959781207276184,0.6236049101715565,5.649030411620244,29,58
OH,enacted-congressional-session-118,10,15419,2573983303.1426153,616540.573209621,40300.60732573485,0.0850926924816127,0.5044668941946686,0.8630417199339288,3.4281030393442355,3,31
OH,enacted-congressional-session-118,11,10640,559723879.1443673,287065.79129178356,22455.754363638498,0.08535339793692058,0.3533203602289104,0.69652619806234,3.4228635955526268,4,8
OH,enacted-congressional-session-118,12,27004,14515777778.394077,2485413.89637419,89305.22841569642,0.029529271343207198,0.5793442048238565,0.772283508329634,5.819338696950017,6,182
OH,enacted-congressional-session-118,13,16107,1624941061.0414367,420296.7677491417,35889.58773453131,0.11559402252622286,0.40156032885168214,0.811880073593671,2.941252515082443,2,33
OH,enacted-congressional-session-118,14,14613,6370761928.2876,1050799.764289047,65380.23423790206,0.07250388976478465,0.47440423680439214,0.902269907293331,3.7138071384205715,6,95
OH,enacted-congressional-session-118,15,15101,5010958948.982636,1216501.3202315383,74917.26584397105,0.04255058543631253,0.2841889150171706,0.547798085113406,4.8478283056376075,4,71
OK,NRS-v0.3,1,36036,32064921702.179787,5685079.58090096,239462.13926091252,0.012467143288410922,0.17799450499347322,0.7557230028736752,8.956050309561556,19,267
OK,NRS-v0.3,2,27104,19666910391.907574,4869423.682513205,142216.0001305511,0.010422955313474702,0.3095204489948574,0.6583194013297817,9.795002746228866,20,246
OK,NRS-v0.3,3,38543,50262445287.65331,4371160.815771707,278146.9543524319,0.03305673134751842,0.20679742319829386,0.6159287979077983,5.500093163395372,2,276
OK,NRS-v0.3,4,17773,9330947184.088911,3529331.301936591,149892.58914220237,0.009413491598615849,0.13219515419908276,0.43327479583097883,10.306818547754348,10,95
OK,NRS-v0.3,5,55704,67984128188.021904,9734127.074590243,265369.98670921416,0.009016196614805624,0.30729398156126864,0.780515576953759,10.531453466011536,50,849
OK,enacted-congressional-session-118,1,15483,2811591751.3285956,658914.5856886875,45383.87591533306,0.08137741351463065,0.43450944530534297,0.7245159334106602,3.5054845625086912,3,29
OK,enacted-congressional-session-118,2,49945,57016534836.42963,10779727.60965948,205226.86814567642,0.006165880590653789,0.43090597054674873,0.7995228856863924,12.735102508338588,66,902
OK,enacted-congressional-session-118,3,61736,84797084733.10907,6786343.223982733,313803.2810293646,0.023137644528144145,0.27410445163436176,0.6576020408119605,6.5741623933769615,31,513
OK,enacted-congressional-session-118,4,29502,25458023704.71313,2871282.3866153727,132939.25715609256,0.03880455762868851,0.4585305946291925,0.7577682958965027,5.076432683711339,24,225
OK,enacted-congressional-session-118,5,18494,9226117728.270737,1157342.5895555594,76927.07047114405,0.08655755605120408,0.4962616684936267,0.7570829043025568,3.3989713754650026,17,89
OR,NRS-v0.3,1,25099,39015690981.00759,3988777.6114367493,296414.5077440355,0.03081552135685446,0.14134827675318062,0.49070605925769234,5.696593632625098,14,111
OR,NRS-v0.3,2,9894,2751113954.377033,741690.7385631936,54110.27142838816,0.06284528957429186,0.2990882021449626,0.6989103952187631,3.9889963062187133,3,12
OR,NRS-v0.3,3,11586,10630569974.805857,2574372.727535863,170451.21857548354,0.020156891712211206,0.11646795689201182,0.36878679500345457,7.043495130025512,4,39
OR,NRS-v0.3,4,20094,34615368187.30818,4660269.912816854,249273.51613125627,0.020028880608147743,0.17732370762856633,0.46822986705135095,7.065967916038275,22,61
OR,NRS-v0.3,5,29750,100183330143.79485,6596085.621156534,327037.6646136098,0.028935617773417927,0.2981604570158594,0.6734921642540197,5.878731438593514,12,143
OR,NRS-v0.3,6,31613,63044739711.47972,6757466.383175952,277693.3460809298,0.017349658559724614,0.2602363962307041,0.7660706888960376,7.5919708836822055,76,245
OR,enacted-congressional-session-118,1,14665,8840977735.930876,1131833.2436504362,77369.70097261627,0.08672519191617453,0.47011984847554095,0.7673126492807867,3.3956847576743776,31,48
OR,enacted-congressional-session-118,2,49742,188032500279.9317,5171477.221739696,358576.5578662428,0.0883514238088495,0.4654995445397778,0.8702805418717451,3.3642884426922217,5,243
OR,enacted-congressional-session-118,3,12638,3654619952.155452,704457.5573948734,55472.38021753767,0.09254275402687279,0.37804086315620106,0.775131915914908,3.287220147931595,3,56
OR,enacted-congressional-session-118,4,23103,30257526569.184708,4790305.718268849,173507.2900011767,0.01656978316548284,0.3199249401483643,0.6434424672768686,7.768579015753987,84,200
OR,enacted-congressional-session-118,5,16136,14536256577.471352,1525387.0962590596,104567.40681034965,0.07850590195942386,0.4231652839065352,0.6582944903927683,3.569018886854342,7,54
OR,enacted-congressional-session-118,6,11752,4918931838.097855,751420.4840240914,56933.47868040405,0.10947491299760578,0.48304266434815274,0.7936875163022814,3.0223356620832114,2,22
PA,NRS-v0.3,1,29928,28179117600.46554,5126912.246908382,202111.7097151954,0.013471795616736355,0.21958090213470238,0.4755278250121959,8.615634313943316,8,239
PA,NRS-v0.3,2,34469,19999772779.720734,4812902.430676661,180732.2381753043,0.010849776962153633,0.1948964529242544,0.633510733204812,9.60040589054631,9,221
PA,NRS-v0.3,3,25682,10510708671.528954,3623733.1066185455,179821.2201393575,0.010058412802469675,0.10346661613944245,0.40461390318121665,9.970920931176236,14,110
PA,NRS-v0.3,4,14591,2262524487.67042,762135.7870335673,39501.96232433782,0.0489483934743494,0.46153652383735694,0.7994707754155945,4.519920318940375,9,10
PA,NRS-v0.3,5,22814,6496997037.004292,3303815.5805168846,152802.282404421,0.007479816418317175,0.08857335868152925,0.26761785447683895,11.562574142604308,16,75
PA,NRS-v0.3,6,18645,2801420498.941329,1442879.530524982,62895.84263316789,0.016909393142995114,0.22541590180451618,0.5902325323079215,7.6901708627162275,11,18
PA,NRS-v0.3,7,30710,12821938370.894438,2656628.434531012,149307.31652168988,0.022829789952224115,0.18308030714885165,0.7028252185808834,6.618339512107499,14,82
PA,NRS-v0.3,8,26251,9977043580.392578,2695411.24524285,96034.65040499519,0.017256855455935922,0.3443468202889721,0.6792719191902856,7.6123573836104494,8,233
PA,NRS-v0.3,9,20483,2577994261.562345,1135040.5038200973,60752.89315034383,0.02514601042108744,0.22233003916355523,0.6229021244725953,6.306166808966661,4,120
PA,NRS-v0.3,10,18071,3860510640.282614,2003481.38827507,106371.1226152948,0.012086039051079947,0.10860439376386662,0.3046481429194355,9.096158167403448,3,56
PA,NRS-v0.3,11,9371,1147019636.3478124,916660.3583458852,44927.073311690954,0.01715393721274579,0.18088590359634696,0.4575017778190266,7.635159112347897,1,50
PA,NRS-v0.3,12,10300,954205487.3071615,527836.1255123961,28496.61759563272,0.043038145854507534,0.37402911356215696,0.6419037787084021,4.820290624684834,3,19
PA,NRS-v0.3,13,9000,144311131.32012635,201428.09204002674,11672.373762795318,0.04469609868811698,0.33715653912887295,0.6412876312738128,4.730044116524587,4,7
PA,NRS-v0.3,14,20915,9353405264.993158,2741404.0859497855,181112.06850526246,0.01563988316592404,0.09076639729082986,0.5067754922450733,7.9961926292627075,15,116
PA,NRS-v0.3,15,12297,1705509265.6493368,1205536.0915619147,59391.59573978489,0.014746994334558635,0.1539055291021678,0.4936990184529111,8.234708748147314,4,80
PA,NRS-v0.3,16,16663,3485152316.58606,1356784.6395233544,73547.11051686939,0.023790840812421218,0.20508819396769906,0.7704927099656347,6.483284868640158,9,110
PA,NRS-v0.3,17,9698,310445539.57351863,469713.53166609246,14467.974176560017,0.01768190875205785,0.4720848917327069,0.6479374351524073,7.52030453077415,2,16
PA,enacted-congressional-session-118,1,11443,1831348615.7956464,619408.5992649784,38198.706809693074,0.059982757599165555,0.3995064827753146,0.8070654617425097,4.083069629487151,2,52
PA,enacted-congressional-session-118,2,8051,166539591.92812264,135031.54207385718,12967.652904342422,0.11477753816802448,0.3152425765013876,0.8266904913997992,2.9516954598204395,1,16
PA,enacted-congressional-session-118,3,8300,138209769.90435213,135145.8784408264,10659.413142379399,0.09509178438439751,0.3871883495957034,0.7169002946065324,3.2428622528365656,2,8
PA,enacted-congressional-session-118,4,12803,1888874273.0577326,669489.4898456706,47211.75962517676,0.052957245580272885,0.26974462786113323,0.6805477957396072,4.345475500902917,7,43
PA,enacted-congressional-session-118,5,11094,599079321.8217714,290472.29063516273,21857.166483258265,0.0892246338512123,0.399159744804122,0.7097021844604573,3.347785413497238,2,21
PA,enacted-congressional-session-118,6,14100,2413112712.652046,835225.2477286406,41298.018625945486,0.043469059476342005,0.4503698440793414,0.7256448999636992,4.796339079689836,9,113
PA,enacted-congressional-session-118,7,21042,3045634024.719384,905994.4627074347,41374.840270885514,0.046626894706495434,0.5663112414194039,0.7749119622523725,4.631074350630261,6,108
PA,enacted-congressional-session-118,8,23158,7272344329.837261,1658122.944645307,70280.21404957921,0.03323922120047266,0.4686605629270841,0.7345145617169987,5.484974087285715,4,211
PA,enacted-congressional-session-118,9,33390,15870206895.783976,2461845.096242133,111786.75482779625,0.03290569037287566,0.40425185214179754,0.7364458489767634,5.512701747296907,7,243
PA,enacted-congressional-session-118,10,17647,3328089466.634716,920008.6743344142,47002.167581127585,0.049410700660051016,0.47952289408423787,0.7046925984069358,4.4987254928371385,3,67
PA,enacted-congressional-session-118,11,16694,3960321784.3645706,1324608.5966337621,53102.35768669778,0.028363851319300803,0.4470468041820848,0.8692310186475568,5.937688360417304,4,168
PA,enacted-congressional-session-118,12,16810,1102949398.318323,450831.63696202263,23774.59766875667,0.06819251097998952,0.6211255051755139,0.7652220803046895,3.8294081641475897,6,0
PA,enacted-congressional-session-118,13,29927,16526008973.179134,2403792.3265982005,96446.31124537378,0.035940487141110374,0.5655185662780916,0.8295564009335303,5.274824568830181,6,149
PA,enacted-congressional-session-118,14,29785,12378845826.051218,2005902.1123848057,91778.05708842927,0.03866077418656402,0.4677917541286932,0.7516577748658485,5.085863813705382,10,76
PA,enacted-congressional-session-118,15,37088,33727608359.987083,4690178.608337313,136962.98440174334,0.019267113119511674,0.5723072561739803,0.8571887484852853,7.2042981268511515,8,271
PA,enacted-congressional-session-118,16,23697,10020263155.700607,1767082.568043731,90811.94317682632,0.040325086343910924,0.3867615723262196,0.8568998502129889,4.9798051157451315,5,104
PA,enacted-congressional-session-118,17,14859,2318640070.504365,695903.1655456721,38301.3079608698,0.06016522940733433,0.5031022437730356,0.7438130793476938,4.076873269352515,8,12
RI,NRS-v0.3,1,10786,524395539.6891643,655133.3727273028,24840.024632482837,0.015353571185126685,0.2705235463530588,0.5015431062374379,8.070404385513816,11,46
RI,NRS-v0.3,2,14045,2277298756.2958345,1510239.6393643913,47454.122755400356,0.012546949294757895,0.3219009345430286,0.5585125506613071,8.927521988746028,31,134
RI,enacted-congressional-session-118,1,11086,740944044.1953467,846466.6035136139,35793.28023853889,0.012994980113465988,0.1840909917515186,0.46193829591129776,8.772274042001497,21,57
RI,enacted-congressional-session-118,2,13745,2060750251.7896523,988864.3245506719,49032.68385829337,0.0264826723585438,0.27283756059867786,0.6752016105283679,6.144960509544995,14,125
SC,NRS-v0.3,1,16405,5687952689.56356,2123976.929329365,99778.70838536238,0.015844051639524098,0.1818571359543429,0.4720593362184901,7.944505598043391,7,76
SC,NRS-v0.3,2,21338,13452265697.906185,2988210.4180421797,180337.79185026928,0.018931409492055074,0.13166552299730533,0.5729476812629144,7.267893006209047,11,111
SC,NRS-v0.3,3,21082,11845986975.01429,3913028.7661006236,148800.90116766604,0.00972198694758805,0.1702982775169232,0.47170573592693643,10.14197377372763,7,146
SC,NRS-v0.3,4,22423,12259495793.930239,2488064.964060471,95472.49154058899,0.024886226045186567,0.42812069653404106,0.7422299705680045,6.338996021768184,6,104
SC,NRS-v0.3,5,17884,8570349799.409025,2417189.373796158,90733.45004822146,0.018432619549276073,0.3313704867754575,0.6631151929438187,7.365571850023669,7,73
SC,NRS-v0.3,6,24374,18392956060.966908,3936753.5492957607,146249.244677503,0.01491368417847623,0.2737249575454541,0.6741387960451062,8.188559876363184,17,198
SC,NRS-v0.3,7,18927,9246475338.19545,4752924.126615242,100553.8463454977,0.005143565998135957,0.2910911270148244,0.6393223365247631,13.943372880423441,41,181
SC,enacted-congressional-session-118,1,15047,7306535434.999478,4785867.725179348,96965.34535968566,0.004008666960313652,0.24735946044796342,0.6186772513283664,15.794286502829255,51,217
SC,enacted-congressional-session-118,2,17596,8123945374.288637,1562334.6084484432,76015.26280159072,0.04182430683726617,0.44752316372895384,0.7067097823534693,4.88973838760099,9,89
SC,enacted-congressional-session-118,3,23422,14904075222.166552,3435481.8285623994,98306.32888676577,0.015868635564115767,0.49089906459998867,0.8380893781538038,7.938349340072353,3,156
SC,enacted-congressional-session-118,4,15381,3214640343.2116137,1015925.6811572718,49816.88899526666,0.03913977972237024,0.4123151685876025,0.7696915754201686,5.054646769009416,12,77
SC,enacted-congressional-session-118,5,20249,13503033118.185951,2104750.313500606,115500.2715320971,0.038303638597876846,0.3221925170657297,0.774252565436142,5.109518600177896,4,126
SC,enacted-congressional-session-118,6,26635,18246271716.759182,2930580.361051608,128189.99944597461,0.02669787726113803,0.3534402241180393,0.5836667992572772,6.120143904361367,8,116
SC,enacted-congressional-session-118,7,24103,14156981145.374224,2676756.8243822474,113152.98516303457,0.02482919735653348,0.35195630470690326,0.7899113140608242,6.346271675584168,6,134
SD,NRS-v0.3,1,69859,198266308300.9765,8370886.358524784,358520.62197109655,0.03555624516201371,0.4909878725031802,0.9215241981245877,5.303249430405491,30,632
SD,enacted-congressional-session-118,0,69859,198266308300.9765,8370886.358524784,358520.62197109655,0.03555624516201371,0.4909878725031802,0.9215241981245877,5.303249430405491,30,632
TN,NRS-v0.3,1,23598,12685138652.336195,3432836.314674613,128005.30095821872,0.013526919048262979,0.2464276501611729,0.758761016135966,8.59806164444548,8,90
TN,NRS-v0.3,2,17464,9712043464.98502,3794997.870458684,202688.72916719652,0.008474174609033446,0.07524914075463775,0.4623981369843181,10.863037927251534,16,48
TN,NRS-v0.3,3,24176,17236690098.721622,4595249.986944322,132763.29659411643,0.010257592747746761,0.31127765453306927,0.6470739141235999,9.873639665168929,10,165
TN,NRS-v0.3,4,14293,7082161967.125042,3023390.9439077494,140198.52023306364,0.009736146564665992,0.11469094272132802,0.4025559419445242,10.134596177515949,6,38
TN,NRS-v0.3,5,10465,3487799262.0275855,1341587.51388673,83475.08459887713,0.02435136611239121,0.15932644758497028,0.5546428945899139,6.408233602505093,4,19
TN,NRS-v0.3,6,19673,14842820488.941868,3330675.2377680875,171861.83404419688,0.016813639154516866,0.1599586308432706,0.5612201654783753,7.71203760726045,9,95
TN,NRS-v0.3,7,25604,15973406161.514719,3814385.5746638197,251609.98589162214,0.013796159801653744,0.08031412187352445,0.4639792312142646,8.513749972928053,10,61
TN,NRS-v0.3,8,22857,15542844160.743364,2537257.5694971667,131116.67999038755,0.030339697262622638,0.287782732613756,0.6532098220525462,5.741090309225562,5,86
TN,NRS-v0.3,9,18422,11518412433.14026,1801276.7255155528,186698.21428433235,0.044610964617986255,0.1051870860416978,0.6844663076210502,4.734555294158326,10,22
TN,enacted-congressional-session-118,1,23832,11421483800.908989,2414983.191433542,107227.03024519767,0.024609578049375,0.3162016264830136,0.8037184154184961,6.374526285396724,9,61
TN,enacted-congressional-session-118,2,16278,6816968021.789931,2189092.8830678025,73551.14497818076,0.01787609865016175,0.4011090939291598,0.6207851886842686,7.479346072277088,11,68
TN,enacted-congressional-session-118,3,20764,10388158929.13257,2540758.3489806093,99502.25955214495,0.02022188920726904,0.3339818195972945,0.6404036867264478,7.032166366373449,5,100
TN,enacted-congressional-session-118,4,22951,16898836235.398306,2192731.077318017,140284.9629294694,0.04416679826805059,0.2733283509226474,0.6968301736133872,4.758302425266776,6,89
TN,enacted-congressional-session-118,5,11916,5365740156.093292,948603.9842263487,77693.99481190696,0.07493239481306276,0.2829468479955995,0.5635819989200905,3.653130558396956,3,19
TN,enacted-congressional-session-118,6,18910,15451789312.48397,3271631.1416220213,114567.64116380623,0.018140947854467564,0.3747183509610094,0.7560927193444219,7.4245478836377155,11,97
TN,enacted-congressional-session-118,7,20257,15528160874.406483,2190311.208557006,111511.73783052729,0.04067412646343674,0.3974925387358151,0.774005800246302,4.95839227980554,2,121
TN,enacted-congressional-session-118,8,29497,24142053170.08599,1942611.4729251158,114869.00816182274,0.08039187676107577,0.5823962729659728,0.8633422500317565,3.526906254827014,7,92
TN,enacted-congressional-session-118,9,12147,2068126189.23661,633372.7929550896,48009.768164809786,0.06478404936190509,0.28560640582265356,0.6120493511326582,3.928854583710075,4,14
TX,NRS-v0.3,1,28392,25435184284.22016,4473494.710162009,114994.75918484916,0.015971690885277594,0.6122501774260175,0.8396887788936764,7.912697294976696,30,275
TX,NRS-v0.3,2,41684,77152708609.03864,7795896.861193541,461646.4649031664,0.01595250435584392,0.11523443486202166,0.34502727976687375,7.917454277795263,18,212
TX,NRS-v0.3,3,21023,17316254531.70282,3457703.083334975,165175.94548807346,0.018200714215211005,0.20202749796752137,0.6397938037261425,7.41234772816156,3,91
TX,NRS-v0.3,4,10591,617388991.5431058,588398.7384505745,25505.45569959709,0.02240914463372962,0.30209451081203315,0.5427465139420553,6.680167622525249,3,23
TX,NRS-v0.3,5,10003,527676169.0852513,480706.3653128156,21523.484736877286,0.02869575126433917,0.3625704745258246,0.5911700855260139,5.903250334503243,4,7
TX,NRS-v0.3,6,50333,88632197661.81602,6130264.067172011,284252.74003525317,0.02963759893634669,0.3491663039255759,0.6492953233180524,5.80869390676106,6,166
TX,NRS-v0.3,7,10449,2221512927.195228,1106403.147433496,71182.48647009666,0.022805095942640064,0.1395573337411541,0.47148781215706115,6.621921806194712,3,19
TX,NRS-v0.3,8,10088,541284889.8275197,354610.0344688105,17845.618968586445,0.05409208555664395,0.5410193512479025,0.7350453774687031,4.299650319483161,1,33
TX,NRS-v0.3,9,13120,816607209.2135029,547874.286131189,37519.61155703591,0.03418701937579723,0.18464887673237285,0.5078725401666738,5.408407183364368,1,7
TX,NRS-v0.3,10,12226,655595201.4921607,506918.7008509966,30779.717883397385,0.03206040497124247,0.2202706450713016,0.5906040567470661,5.584901244588777,3,11
TX,NRS-v0.3,11,15029,5060725160.070825,1862293.0148039055,104586.46913880545,0.018336928329811666,0.14726918271613268,0.410627467656494,7.384765452274755,7,60
TX,NRS-v0.3,12,13317,2651472106.2819877,1338002.9667733777,74593.3556963588,0.018611559878008204,0.15168299664241927,0.44689242154262815,7.330078287378521,6,30
TX,NRS-v0.3,13,18511,13361178036.875977,3710862.32264884,186898.7569873169,0.012192841587636243,0.1217536675638193,0.47384237243576927,9.056231889280207,6,103
TX,NRS-v0.3,14,23968,23633079688.911064,3830064.8404031107,229484.58356732572,0.02024500697429391,0.14284446456587804,0.6157044169796024,7.028150205264124,4,102
TX,NRS-v0.3,15,34821,48849074596.90583,8422325.016224569,422696.04997168574,0.008653707491495344,0.08702621378197485,0.4801156039166327,10.749763120905392,7,239
TX,NRS-v0.3,16,20734,21078202681.481243,5025273.949577513,221401.33634584578,0.01048875536436807,0.13687471495840084,0.46383286071118685,9.764230473535836,11,128
TX,NRS-v0.3,17,15008,12600914365.068748,3131327.506498522,131678.30585804058,0.01614934595509147,0.23132561566414445,0.5714239426028378,7.86905409627407,9,79
TX,NRS-v0.3,18,7127,1391751155.3770442,534964.547966556,34445.11828185573,0.06111128979116687,0.373384561462603,0.680335770645277,4.045193261003578,2,15
TX,NRS-v0.3,19,10705,5307963617.803942,1890408.066341505,85498.06272101928,0.01866494342762832,0.2311348946106636,0.5346758546960263,7.319588413853785,11,48
TX,NRS-v0.3,20,22852,32078096162.610302,5198322.339022018,299695.70510717464,0.014917362288221226,0.1136835623154087,0.47482174270774,8.187550305164603,4,143
TX,NRS-v0.3,21,15406,14473194022.458668,3529424.306018713,141623.5896295375,0.01460045882066729,0.22969064937446337,0.5983425049165023,8.275928847072857,11,75
TX,NRS-v0.3,22,18156,54000479281.70148,6097993.146962659,432170.8140326329,0.01824877071330552,0.0920315790167452,0.5049019740665551,7.402581418361961,6,108
TX,NRS-v0.3,23,17876,32487722570.79491,7930264.331345097,424811.88023143343,0.006491630692833302,0.05730283223360525,0.2874569015335241,12.411466446131085,4,192
TX,NRS-v0.3,24,20268,58744805175.37732,5568838.661635976,381121.0251701316,0.023804006497810563,0.12873415275628566,0.5207919838183862,6.481491710530656,4,187
TX,NRS-v0.3,25,9565,957667011.3176392,558769.5468113022,30891.407117055503,0.038544190925458,0.3194399820371316,0.549663365159527,5.093549523282295,3,13
TX,NRS-v0.3,26,11793,8913873911.76581,2048762.4300251242,81461.43980065861,0.0266865939499429,0.42757514365554333,0.6320161131668709,6.1214375911952335,3,121
TX,NRS-v0.3,27,14395,11941957302.997889,2580054.766243791,124649.81723983755,0.022543821062172127,0.2446483827636393,0.6065637845525942,6.660184124982718,2,72
TX,NRS-v0.3,28,9714,939186279.8487347,815221.0478006204,45955.19710307772,0.01775868629687266,0.14155740757769913,0.41756061748867646,7.504030355680611,4,19
TX,NRS-v0.3,29,11360,5088416519.68596,2752401.8580285325,127355.57986586711,0.008440512807927522,0.09986121046451307,0.3494592103096074,10.884677937283293,10,73
TX,NRS-v0.3,30,7395,437816872.7943201,316446.2632454619,20791.342381384507,0.054941740746571106,0.3223870301142922,0.6127771718315825,4.266274470932108,1,10
TX,NRS-v0.3,31,5909,385075386.5182972,340677.43428103556,18382.92339001801,0.04169355131243618,0.3627160160940785,0.5706218502763434,4.897399762053573,1,22
TX,NRS-v0.3,32,8365,3597195494.7843566,1953548.0264159383,125385.16588307405,0.011844745121583978,0.07283193533026214,0.29378949104152635,9.188341752892592,7,71
TX,NRS-v0.3,33,15194,10965681920.308794,3069482.9941313434,149319.18300266686,0.014625645579713782,0.15655053692921866,0.4232920433606724,8.26879980644282,14,99
TX,NRS-v0.3,34,22685,27031584202.416122,6613959.245015802,235296.453264695,0.007765301697498976,0.15541425970002945,0.4477476391102869,11.348039353422102,33,175
TX,NRS-v0.3,35,21610,8701677100.895555,5991585.184495736,167479.86230645765,0.0030459961577878453,0.09874790727577501,0.4504262570587223,18.119045868288453,53,414
TX,NRS-v0.3,36,26942,48249361910.81267,5683865.529530549,235825.69003847617,0.01876782083468545,0.27615917320153965,0.701639120833595,7.299499372680139,10,300
TX,NRS-v0.3,37,15902,16688627268.855713,2535788.942256669,193219.95844433448,0.03261401538083296,0.14228750810951793,0.5657642253188103,5.537297587581557,6,34
TX,NRS-v0.3,38,12605,2015628145.2128825,1491099.052149225,61236.09036854422,0.011392191840975101,0.17109827487780094,0.5491278693189705,9.369067225359721,4,167
TX,enacted-congressional-session-118,1,28401,25209220069.324272,3713852.6225875556,160060.73381044815,0.02296782880647414,0.3132131084200811,0.6872957738756271,6.598421111473401,15,212
TX,enacted-congressional-session-118,2,7853,1656282047.6589868,726742.6166313303,36896.60391814841,0.03940786458424852,0.3872680186846164,0.6726254375799459,5.037424486714502,3,45
TX,enacted-congressional-session-118,3,13861,3761355037.976205,745727.3561901004,49796.83846772158,0.0849951300740208,0.48282629542768085,0.8251003941612692,3.430069964180148,1,48
TX,enacted-congressional-session-118,4,20154,13697030312.523026,2920105.0897693774,131754.51059020142,0.02018549102492804,0.251157157906688,0.5156186087309894,7.038503660628231,30,115
TX,enacted-congressional-session-118,5,17335,9500898197.900967,2258578.683093753,93126.61384741748,0.02340475390212287,0.348712221036277,0.622208942516853,6.536540562384388,8,122
TX,enacted-congressional-session-118,6,19602,15334615825.076622,2647573.3475509575,129305.07762934649,0.027490761064234738,0.29193883376167235,0.6087556547155928,6.031240108298197,6,159
TX,enacted-congressional-session-118,7,6103,341054040.14238036,315730.40473472857,21771.705465793064,0.04299324741157222,0.22902791796359637,0.47292117483744106,4.822806915992539,2,12
TX,enacted-congressional-session-118,8,10160,7441324270.823259,1401246.6979115675,92825.45100926193,0.04762455052579553,0.274894608116972,0.5998906615001705,4.5823109342921295,5,49
TX,enacted-congressional-session-118,9,7289,567976841.4789143,348088.412905064,19931.462038420355,0.05890624761767946,0.4550953960200574,0.68306636945705,4.120209704312788,1,28
TX,enacted-congressional-session-118,10,20325,20043988390.325226,3354834.108124369,131732.44011839994,0.022379578720524804,0.3676620436578405,0.6519841873422055,6.684578788392947,10,143
TX,enacted-congressional-session-118,11,28962,49885759405.19269,3059174.106556864,251099.27713847382,0.0669850772453677,0.25184642489625475,0.7365068116865826,3.863767354364519,3,173
TX,enacted-congressional-session-118,12,13681,2526369462.934997,678698.8879440136,43675.18404946598,0.06892113995558333,0.42157757653047384,0.7278778604748212,3.8091122761076712,5,36
TX,enacted-congressional-session-118,13,43668,91289041923.37607,4565145.160807714,329634.23701784003,0.055045184276089267,0.26742632172434466,0.667776127651181,4.262263892834345,7,268
TX,enacted-congressional-session-118,14,19730,6900710237.064616,4628593.395070723,122299.46163790522,0.004047674614749544,0.14685705958345865,0.47733561515123724,15.717997069156157,39,378
TX,enacted-congressional-session-118,15,15620,16235239618.257236,1867177.7187116656,210657.63808862705,0.05851904827698613,0.11645399963955459,0.5417901934385762,4.133818198227823,7,41
TX,enacted-congressional-session-118,16,11788,818071388.7300687,253199.44786534258,31119.437406910838,0.16035243503122618,0.2688919850207683,0.7307374907554429,2.497251141707555,3,2
TX,enacted-congressional-session-118,17,24374,27388101656.5099,3573388.415811246,174287.0782533742,0.026953262740955764,0.28699985648675375,0.6418592939111865,6.091080337139702,1,150
TX,enacted-congressional-session-118,18,10231,600317040.8837894,375166.63306432957,21304.356715172522,0.05359720273103831,0.42101148998275273,0.538210399542599,4.319454840916169,1,14
TX,enacted-congressional-session-118,19,49857,78293114044.87512,2167565.197861466,223105.8880368055,0.20940598609576902,0.500670070380522,0.8378049752115879,2.1852717620325737,3,122
TX,enacted-congressional-session-118,20,7339,465742087.5078413,234599.81435964134,18262.386073994578,0.10634082399731641,0.44450901507884755,0.632079875969476,3.0665495704696126,2,6
TX,enacted-congressional-session-118,21,14237,16345570929.254715,1958186.4563653395,112548.98996338919,0.053567561091420045,0.4107400181859006,0.8313853161068548,4.3206497620015485,1,331
TX,enacted-congressional-session-118,22,13722,8869589956.592033,2906431.9001589525,87104.85595951186,0.013194505048405145,0.37210793928457314,0.6500285471824734,8.705695008095168,12,168
TX,enacted-congressional-session-118,23,38906,152613312334.7202,5423960.241246165,430901.07783143595,0.06518824478007701,0.261629905842257,0.7267409621262895,3.9166553421203143,5,413
TX,enacted-congressional-session-118,24,11736,705877590.8043678,336435.8088745845,28935.25402154393,0.07836729030479707,0.26836441206593253,0.6606190433946623,3.5721738323161145,2,16
TX,enacted-congressional-session-118,25,21140,23493402918.123066,2868173.8796893773,127522.86474114,0.03588763492146162,0.45985396299036213,0.703657653209287,5.278707293615027,5,94
TX,enacted-congressional-session-118,26,13300,5171922902.188003,1336691.0964493854,69697.93606218009,0.03637473145342568,0.3388927938227887,0.6140308148430846,5.243244405678836,5,36
TX,enacted-congressional-session-118,27,24277,28778023618.591167,3774627.6083418536,148092.39741045947,0.025381810919086454,0.4176818121019936,0.7932465594945415,6.276805881631663,22,211
TX,enacted-congressional-session-118,28,18531,29566550575.325245,2021359.1643560973,192482.74083705852,0.09093342483967749,0.2540195831062636,0.6416835119272427,3.3161809936019315,3,51
TX,enacted-congressional-session-118,29,9760,536418657.6585282,406416.30570646294,24625.209342535592,0.04081046013150729,0.2815750305860815,0.5672566831837474,4.950103212281686,7,9
TX,enacted-congressional-session-118,30,12146,932108756.4845439,351694.8937831391,26978.066653604794,0.0946987673680619,0.40765715431591937,0.730795340609245,3.2495845179084544,3,11
TX,enacted-congressional-session-118,31,18485,14613460718.787455,2927449.1811877317,102836.5729048634,0.02142812697217311,0.439853461107275,0.7108453250825421,6.831371356763633,6,126
TX,enacted-congressional-session-118,32,9022,387322355.59060955,275392.684532522,23274.47173842368,0.06417673659447957,0.2275951623244594,0.477211951719857,3.9474004413579675,1,7
TX,enacted-congressional-session-118,33,12328,571032892.3233293,493218.2432392496,28525.650585036114,0.029498010442172037,0.22337786510795482,0.38111358860183503,5.822421440437782,2,9
TX,enacted-congressional-session-118,34,17150,12731707208.50747,2989441.149945899,104613.57968965417,0.01790261573287283,0.37030591023515497,0.7141459014859832,7.473804872688355,5,340
TX,enacted-congressional-session-118,35,10894,1353843504.2020667,644595.6256845396,73983.73822663997,0.04094525890169163,0.07873105118275349,0.43529256071127176,4.9419482031433715,3,24
TX,enacted-congressional-session-118,36,17591,15540281696.245481,3280316.7823039005,122529.46349070607,0.01814835137967636,0.3294791602474243,0.7350666597592578,7.4230333263819706,22,168
TX,enacted-congressional-session-118,37,8559,579158013.028767,251185.25548307513,22537.6937405941,0.11535027861278088,0.3629344975793047,0.7117352382542174,2.944358420347966,3,1
TX,enacted-congressional-session-118,38,7004,803021898.0817286,344109.330693125,25606.289257725304,0.0852205543128041,0.3898380459809711,0.5867428524315018,3.425530373217508,3,7
UT,NRS-v0.3,1,15070,38560618081.24193,3703829.5349256336,235676.99539694536,0.035322535440144014,0.2209834391751497,0.4848064769524321,5.320764842978296,11,40
UT,NRS-v0.3,2,31310,162967126485.46896,6374527.823745278,323759.5901748306,0.05039806122387773,0.4948856397680318,0.7453643771928918,4.454439708901526,1,103
UT,NRS-v0.3,3,14951,16002404457.878942,2218811.699695525,146490.38995854047,0.04084644011409976,0.23736522866949242,0.4986624392388457,4.94792255877196,1,11
UT,NRS-v0.3,4,9552,978546291.3434348,402395.49152532924,29527.486507228463,0.07594252397017619,0.3572551871005376,0.6051410266166205,3.628753657136383,2,3
UT,enacted-congressional-session-118,1,15239,28734663085.615673,1257138.4858725476,144484.73684005358,0.22848080979820662,0.4381393848439302,0.8382566567502732,2.0920648144557603,1,38
UT,enacted-congressional-session-118,2,24306,103474238794.07806,2963329.5206245696,254783.50634866962,0.14807515955585948,0.5073874807898595,0.8016543932377815,2.598716448931829,1,62
UT,enacted-congressional-session-118,3,18412,74915791192.24203,2406098.218646636,245942.18958924492,0.16261347526836153,0.3942370418539467,0.7475521745090918,2.479828999007662,1,49
UT,enacted-congressional-session-118,4,12926,11384002243.996578,935649.9477163081,97424.80391399976,0.1634097785285108,0.38177371078980515,0.6910306609434852,2.4737794605116914,13,10
VA,NRS-v0.3,1,9087,4582299799.49739,4208587.541113876,121523.69798042168,0.0032510274269026895,0.09876695706002046,0.2389505980028053,17.538388387962218,35,169
VA,NRS-v0.3,2,6586,886018263.2503573,806465.3890201419,37736.70306526765,0.017119105598744973,0.19804546048457827,0.5213805972153858,7.642922653902903,9,50
VA,NRS-v0.3,3,9846,3252158739.6764016,1490486.3100697668,60387.29881952392,0.018396093858799607,0.283877293252621,0.5804112979665073,7.372880444720321,3,105
VA,NRS-v0.3,4,9745,5411240016.237904,2321538.7165824953,67699.31565889202,0.012616962140462023,0.3758186841296776,0.5455953829866556,8.902717652663826,7,84
VA,NRS-v0.3,5,16840,18471032136.759377,6624073.2730712155,166789.45658352383,0.005289940318497501,0.21135090110435473,0.504013180445863,13.749110863672422,16,374
VA,NRS-v0.3,6,11405,1569008779.5113785,2192976.1477961326,51122.60111507568,0.0040998448461704836,0.19109512846412138,0.3342037820231498,15.617671696726056,23,96
VA,NRS-v0.3,7,18808,18362255911.49815,4608226.754995748,127868.17687374415,0.010865962894284481,0.35747956176852963,0.7568862917505463,9.593252846190985,8,226
VA,NRS-v0.3,8,10925,2540259693.4016895,2447293.019618012,109554.5984750634,0.005329862906512281,0.06737007357106642,0.21568046546663247,13.69752118579545,21,92
VA,NRS-v0.3,9,13469,3979256336.3584304,1870106.5722789878,74092.60730215244,0.014298124275451423,0.23072905548780887,0.5225151399370818,8.362968601467426,5,107
VA,NRS-v0.3,10,20922,20429155751.429527,5493062.158835903,188334.01842449442,0.00850807396064881,0.18333399449338122,0.7307697674787179,10.841375122720253,8,195
VA,NRS-v0.3,11,28259,24253810491.69926,5625821.464751957,212980.90358467933,0.00962981518921464,0.17019577575255682,0.7590033354242208,10.190395125104644,18,255
VA,enacted-congressional-session-118,1,11532,8026279395.763089,5099752.697197551,79712.72643719573,0.003878161627174387,0.4020768542469567,0.6079924567887146,16.057837088670542,23,243
VA,enacted-congressional-session-118,2,11899,6295204507.062332,3968409.680470626,116514.28778477492,0.0050232721335854704,0.1476051807488684,0.40589812546877446,14.109338302032903,36,256
VA,enacted-congressional-session-118,3,12130,693381727.549329,936750.5706679677,30772.85343921957,0.009929658762295051,0.233070325706785,0.5057432564095893,10.035357259081037,8,49
VA,enacted-congressional-session-118,4,16982,8958804157.222303,1609995.1565320797,73224.34237846444,0.04343209392600169,0.5318500570256264,0.8388697149786883,4.798379755010261,5,125
VA,enacted-congressional-session-118,5,22036,24740173689.823425,4728357.405158518,125279.5341718031,0.013905673097848225,0.5017560431672792,0.8809675675991897,8.48015894198996,10,262
VA,enacted-congressional-session-118,6,20513,16281552699.330036,3519750.16995516,148820.65828970418,0.01651513036185682,0.23400196484211952,0.7349285689226074,7.7814225094932326,4,232
VA,enacted-congressional-session-118,7,10361,7120640529.96658,1923705.7492949679,75126.22683557827,0.024179740744710555,0.40159290803339326,0.6785804014914603,6.430935887870485,10,152
VA,enacted-congressional-session-118,8,6507,388227328.86739,290896.82891427795,19687.312640524677,0.05765248000891129,0.3188330656336678,0.7500684069705623,4.164769814280521,4,33
VA,enacted-congressional-session-118,9,27869,26174469938.017673,6409179.292278196,199371.63343604948,0.00800724132913333,0.2096048313156255,0.7622297736662723,11.175283287478234,9,286
VA,enacted-congressional-session-118,10,10350,4403690852.59528,1434822.8928451694,53256.45074685825,0.026880051254917256,0.49422249744551056,0.7392097955215485,6.09936964077697,4,120
VA,enacted-congressional-session-118,11,5713,654071093.1219095,423544.34784997365,22236.886795522125,0.0458180960989065,0.4210436411609763,0.7622301585446474,4.671770291621153,1,61
VT,NRS-v0.3,1,22856,24410637747.48481,5400958.111607305,145767.2055834385,0.010515922379958968,0.3656870631454943,0.8110384152771293,9.751609776267403,10,517
VT,enacted-congressional-session-118,0,22856,24410637747.48481,5400958.111607305,145767.2055834385,0.010515922379958968,0.3656870631454943,0.8110384152771293,9.751609776267403,10,517
WA,NRS-v0.3,1,24715,61171216360.40908,9657238.421764351,292690.6965259661,0.008242350396693604,0.2272895178194996,0.5217287054701778,11.014745407237577,182,391
WA,NRS-v0.3,2,10090,6746799973.207613,2649649.532140344,110627.55412273714,0.012076214847188857,0.17547746045322385,0.4015494512413295,9.099857354048638,13,64
WA,NRS-v0.3,3,9202,326895005.29745626,432817.93951192714,21453.41795438496,0.02192843524108394,0.22608170760505178,0.36005645650875767,6.752991120987174,9,1
WA,NRS-v0.3,4,7982,855609972.0658439,677664.2118226471,27845.88041944351,0.023412974938145825,0.3512400718593737,0.5920389074084235,6.535392868560746,5,18
WA,NRS-v0.3,5,9254,1719372185.9154286,1141647.985172767,57917.220325837065,0.016577358587791143,0.16315658396180374,0.4057106508116677,7.766803793505354,8,34
WA,NRS-v0.3,6,27051,35015049775.86,4548640.089222459,147710.9173141536,0.021266766500134766,0.510833870268591,0.6621560836943937,6.857238718070032,9,151
WA,NRS-v0.3,7,14415,23490296358.855892,4090977.0286573414,233056.93020394602,0.01763779449733142,0.13766216009506918,0.44050480039760825,7.529703252660824,10,119
WA,NRS-v0.3,8,17075,21913347842.1986,3092823.604333009,206652.33880580182,0.028787787892354415,0.16333460637966635,0.5531922223462971,5.893806222173434,6,61
WA,NRS-v0.3,9,12808,5663666358.908193,2286174.490193067,55886.83262087804,0.013617230117908843,0.5772032867487905,0.7543364374131935,8.569502536448868,38,112
WA,NRS-v0.3,10,17224,16720980095.206451,3351879.158752599,159780.5881409623,0.018702294335736898,0.2084797253970824,0.6328627602424268,7.312275677077688,26,111
WA,enacted-congressional-session-118,1,6654,863337066.8828744,395962.54060322227,34034.4765084075,0.06919616844886485,0.2372424305709371,0.6484365760140585,3.801534851845684,4,7
WA,enacted-congressional-session-118,2,13319,11683477891.917492,3024844.3818602175,96860.63728621096,0.016046337854349665,0.3963945038070092,0.6468449938174109,7.89427105314926,97,151
WA,enacted-congressional-session-118,3,16554,19071893694.182716,3021201.868676939,115974.857605507,0.026256944855213044,0.4513529119615803,0.7805722632639642,6.171317692322337,34,128
WA,enacted-congressional-session-118,4,23578,46772193832.38228,3461168.265546578,207800.05523162612,0.049062782931069054,0.34478356097514384,0.6834408125681892,4.514648166464644,7,173
WA,enacted-congressional-session-118,5,28826,48756865506.181816,3373562.9071576307,181608.95830460225,0.05383540890053965,0.47055605958940766,0.8823474994864055,4.309888075217337,8,127
WA,enacted-congressional-session-118,6,17250,18184321629.351738,3775743.9635786214,112617.29368310705,0.016028832654169226,0.4563909861763994,0.7632434698422544,7.898580571155028,97,220
WA,enacted-congressional-session-118,7,9938,357709584.5964749,282618.6931095797,26244.252203023127,0.056278002364824886,0.16531501431007722,0.5428606470832331,4.215321108911902,4,2
WA,enacted-congressional-session-118,8,15500,25609288265.385326,2992645.9683630182,123481.56181635223,0.03593326560112036,0.534617792415339,0.7347218472762123,5.275354585268369,26,235
WA,enacted-congressional-session-118,9,8211,476594203.0458055,318559.6123397139,21303.38442274868,0.059017008415911454,0.33427328875678003,0.683027777988334,4.11634156487555,3,12
WA,enacted-congressional-session-118,10,9986,1847552253.997143,876252.4527998656,43737.00318320159,0.030237654543377547,0.3074318178333564,0.7373268360166207,5.750769351027708,9,60
WI,NRS-v0.3,1,28432,25448137438.108555,5306552.806220754,139047.51191751278,0.011356405333833874,0.41896687232184743,0.6813276316164218,9.383817600004024,46,474
WI,NRS-v0.3,2,24696,14348173178.422215,7126658.371539943,220152.47896915514,0.003550051003216258,0.09423225347646896,0.24534084388875854,16.783506601181365,32,430
WI,NRS-v0.3,3,43250,54344738729.00738,13220037.59503945,206050.53122011106,0.003907527011013826,0.4074367091683066,0.6526822658153358,15.997385322508839,49,1372
WI,NRS-v0.3,4,28837,21143940924.30358,5553512.655001751,221083.52930318302,0.00861509893166099,0.1376966220119663,0.5561111447680681,10.773823722100301,20,513
WI,NRS-v0.3,5,19570,11429188877.542616,3166949.465458047,137326.81888704232,0.014319999637934316,0.19291003387955685,0.6081940967395321,8.356578486454461,14,194
WI,NRS-v0.3,6,11211,717282233.106926,521712.8461164825,23689.110001010624,0.03311592395864672,0.4068578611765225,0.7372657538124632,5.495175431249391,3,50
WI,NRS-v0.3,7,16118,6286569796.700904,2367086.2907805773,140049.72941437573,0.01409923097814508,0.10202328917401556,0.372364886595558,8.42174887723447,9,110
WI,NRS-v0.3,8,21265,9096201367.485191,2002751.8974289955,122533.58717961166,0.02849808164050535,0.19284123222889046,0.7224309445753748,5.9236881452159995,5,146
WI,enacted-congressional-session-118,1,15716,4006012405.487393,1004639.6113622416,56783.76334948454,0.04987714181032144,0.39547048184947997,0.7934078273894464,4.477640486505202,6,74
WI,enacted-congressional-session-118,2,20568,11192315403.365149,1708077.6396009438,79227.89448452437,0.04820749773037663,0.5675626901206071,0.8669893414240158,4.554520962237777,7,165
WI,enacted-congressional-session-118,3,36665,29594429112.06864,5102568.020947386,168866.03259069673,0.014283749491447457,0.3303508997360124,0.5860133296818346,8.367175677384362,19,553
WI,enacted-congressional-session-118,4,9932,363267641.0475246,196179.91541009175,16620.670279471655,0.1186116894644147,0.4185812522724728,0.8464310575834063,2.903596431947856,2,3
WI,enacted-congressional-session-118,5,16647,5622603369.99191,2306622.202864517,55250.33679968554,0.013279886901895072,0.5862970598789345,0.8386252162770108,8.677663632665986,14,240
WI,enacted-congressional-session-118,6,24566,13347103577.274439,4073840.423997909,104582.10670129178,0.010106222794907601,0.38843860522277324,0.6947688553268021,9.947308014666508,29,445
WI,enacted-congressional-session-118,7,44611,61202920040.92771,13783545.006909411,192582.69799248272,0.004048183122138756,0.5252762163978357,0.6977582481898629,15.717009840018212,54,1605
WI,enacted-congressional-session-118,8,24674,17485580994.5147,3667912.9083471163,116381.53412018012,0.016332471196237947,0.4109245035564558,0.6690911159226371,7.824814479212075,37,318
WV,NRS-v0.3,1,33211,25665739053.180054,5806824.109788298,175595.45296481383,0.00956502910296218,0.264958203442005,0.5158600176818597,10.224847799887398,16,234
WV,NRS-v0.3,2,35797,36764987043.41916,7233288.289213323,192499.473473393,0.008830244563154439,0.31580969094014305,0.7003126202418817,10.641764258659164,13,405
WV,enacted-congressional-session-118,1,36260,37232284495.362755,7220644.693837801,158579.45810353014,0.008973825042004726,0.47127668279803536,0.7914410191954493,10.556287287748162,11,428
WV,enacted-congressional-session-118,2,32748,25198441601.236732,4653501.9669643715,172774.73430658758,0.014622571143923855,0.26869732470860525,0.49854513271550543,8.26966902970387,16,213
WY,NRS-v0.3,1,52881,252800415026.25406,6370536.477114713,361291.9081133639,0.07827726319902684,0.6164692811046533,0.9899631967970755,3.5742274302902595,7,437
WY,enacted-congressional-session-118,0,52881,252800415026.25406,6370536.477114713,361291.9081133639,0.07827726319902684,0.6164692811046533,0.9899631967970755,3.5742274302902595,7,437
